-- --------------------------------------------------------
-- Hôte:                         localhost
-- Version du serveur:           5.7.24 - MySQL Community Server (GPL)
-- SE du serveur:                Win64
-- HeidiSQL Version:             11.3.0.6295
-- --------------------------------------------------------

/*!40101 SET @OLD_CHARACTER_SET_CLIENT=@@CHARACTER_SET_CLIENT */;
/*!40101 SET NAMES utf8 */;
/*!50503 SET NAMES utf8mb4 */;
/*!40014 SET @OLD_FOREIGN_KEY_CHECKS=@@FOREIGN_KEY_CHECKS, FOREIGN_KEY_CHECKS=0 */;
/*!40101 SET @OLD_SQL_MODE=@@SQL_MODE, SQL_MODE='NO_AUTO_VALUE_ON_ZERO' */;
/*!40111 SET @OLD_SQL_NOTES=@@SQL_NOTES, SQL_NOTES=0 */;


-- Listage de la structure de la base pour laravel10
CREATE DATABASE IF NOT EXISTS `laravel10` /*!40100 DEFAULT CHARACTER SET utf8 */;
USE `laravel10`;

-- Listage de la structure de la table laravel10. categoriaables
CREATE TABLE IF NOT EXISTS `categoriaables` (
  `categoria_id` bigint(20) unsigned NOT NULL,
  `categoriaable_id` bigint(20) unsigned NOT NULL,
  `categoriaable_type` varchar(255) COLLATE utf8mb4_unicode_ci NOT NULL,
  KEY `categoriaables_categoria_id_foreign` (`categoria_id`),
  CONSTRAINT `categoriaables_categoria_id_foreign` FOREIGN KEY (`categoria_id`) REFERENCES `categorias` (`id`) ON DELETE CASCADE ON UPDATE CASCADE
) ENGINE=InnoDB DEFAULT CHARSET=utf8mb4 COLLATE=utf8mb4_unicode_ci;

-- Listage des données de la table laravel10.categoriaables : ~0 rows (environ)
/*!40000 ALTER TABLE `categoriaables` DISABLE KEYS */;
/*!40000 ALTER TABLE `categoriaables` ENABLE KEYS */;

-- Listage de la structure de la table laravel10. categorias
CREATE TABLE IF NOT EXISTS `categorias` (
  `id` bigint(20) unsigned NOT NULL AUTO_INCREMENT,
  `nombre` varchar(45) COLLATE utf8mb4_unicode_ci DEFAULT NULL,
  `babosa` varchar(45) CHARACTER SET utf8 DEFAULT NULL,
  `created_at` timestamp NULL DEFAULT NULL,
  `updated_at` timestamp NULL DEFAULT NULL,
  `deleted_at` timestamp NULL DEFAULT NULL,
  PRIMARY KEY (`id`),
  UNIQUE KEY `categorias_nombre_unique` (`nombre`)
) ENGINE=InnoDB AUTO_INCREMENT=11 DEFAULT CHARSET=utf8mb4 COLLATE=utf8mb4_unicode_ci;

-- Listage des données de la table laravel10.categorias : ~10 rows (environ)
/*!40000 ALTER TABLE `categorias` DISABLE KEYS */;
INSERT INTO `categorias` (`id`, `nombre`, `babosa`, `created_at`, `updated_at`, `deleted_at`) VALUES
	(1, 'Maiores Error Aut', 'maiores-error-aut', '2023-02-28 19:52:17', '2023-02-28 19:52:17', NULL),
	(2, 'Harum Officia Consequuntur', 'harum-officia-consequuntur', '2023-02-28 19:52:17', '2023-02-28 19:52:17', NULL),
	(3, 'Dicta Sunt Sed', 'dicta-sunt-sed', '2023-02-28 19:52:17', '2023-02-28 19:52:17', NULL),
	(4, 'Aspernatur Id', 'aspernatur-id', '2023-02-28 19:52:17', '2023-02-28 19:52:17', NULL),
	(5, 'Aut', 'aut', '2023-02-28 19:52:17', '2023-02-28 19:52:17', NULL),
	(6, 'Reiciendis Repellendus Fugit', 'reiciendis-repellendus-fugit', '2023-02-28 19:52:17', '2023-02-28 19:52:17', NULL),
	(7, 'Ab Qui', 'ab-qui', '2023-02-28 19:52:17', '2023-02-28 19:52:17', NULL),
	(8, 'Qui Quidem Quis', 'qui-quidem-quis', '2023-02-28 19:52:18', '2023-02-28 19:52:18', NULL),
	(9, 'Et', 'et', '2023-02-28 19:52:18', '2023-02-28 19:52:18', NULL),
	(10, 'Modi Nam', 'modi-nam', '2023-02-28 19:52:18', '2023-02-28 19:52:18', NULL);
/*!40000 ALTER TABLE `categorias` ENABLE KEYS */;

-- Listage de la structure de la table laravel10. ciudads
CREATE TABLE IF NOT EXISTS `ciudads` (
  `id` bigint(20) unsigned NOT NULL AUTO_INCREMENT,
  `nombre` varchar(50) COLLATE utf8mb4_unicode_ci DEFAULT NULL,
  `pais_id` bigint(20) unsigned DEFAULT NULL,
  PRIMARY KEY (`id`),
  KEY `ciudads_pais_id_foreign` (`pais_id`),
  CONSTRAINT `ciudads_pais_id_foreign` FOREIGN KEY (`pais_id`) REFERENCES `pais` (`id`) ON DELETE CASCADE ON UPDATE CASCADE
) ENGINE=InnoDB AUTO_INCREMENT=101 DEFAULT CHARSET=utf8mb4 COLLATE=utf8mb4_unicode_ci;

-- Listage des données de la table laravel10.ciudads : ~100 rows (environ)
/*!40000 ALTER TABLE `ciudads` DISABLE KEYS */;
INSERT INTO `ciudads` (`id`, `nombre`, `pais_id`) VALUES
	(1, '', 194),
	(2, '', 194),
	(3, '', 194),
	(4, '', 194),
	(5, '', 194),
	(6, '', 194),
	(7, '', 194),
	(8, '', 194),
	(9, '', 194),
	(10, '', 194),
	(11, '', 194),
	(12, '', 194),
	(13, '', 194),
	(14, '', 194),
	(15, '', 194),
	(16, '', 194),
	(17, '', 194),
	(18, '', 194),
	(19, '', 194),
	(20, '', 194),
	(21, '', 194),
	(22, '', 194),
	(23, '', 194),
	(24, '', 194),
	(25, '', 194),
	(26, '', 194),
	(27, '', 194),
	(28, '', 194),
	(29, '', 194),
	(30, '', 194),
	(31, '', 194),
	(32, '', 194),
	(33, '', 194),
	(34, '', 194),
	(35, '', 194),
	(36, '', 194),
	(37, '', 194),
	(38, '', 194),
	(39, '', 194),
	(40, '', 194),
	(41, '', 194),
	(42, '', 194),
	(43, '', 194),
	(44, '', 194),
	(45, '', 194),
	(46, '', 194),
	(47, '', 194),
	(48, '', 194),
	(49, '', 194),
	(50, '', 194),
	(51, '', 194),
	(52, '', 194),
	(53, '', 194),
	(54, '', 194),
	(55, '', 194),
	(56, '', 194),
	(57, '', 194),
	(58, '', 194),
	(59, '', 194),
	(60, '', 194),
	(61, '', 194),
	(62, '', 194),
	(63, '', 194),
	(64, '', 194),
	(65, '', 194),
	(66, '', 194),
	(67, '', 194),
	(68, '', 194),
	(69, '', 194),
	(70, '', 194),
	(71, '', 194),
	(72, '', 194),
	(73, '', 194),
	(74, '', 194),
	(75, '', 194),
	(76, '', 194),
	(77, '', 194),
	(78, '', 194),
	(79, '', 194),
	(80, '', 194),
	(81, '', 194),
	(82, '', 194),
	(83, '', 194),
	(84, '', 194),
	(85, '', 194),
	(86, '', 194),
	(87, '', 194),
	(88, '', 194),
	(89, '', 194),
	(90, '', 194),
	(91, '', 194),
	(92, '', 194),
	(93, '', 194),
	(94, '', 194),
	(95, '', 194),
	(96, '', 194),
	(97, '', 194),
	(98, '', 194),
	(99, '', 194),
	(100, '', 194);
/*!40000 ALTER TABLE `ciudads` ENABLE KEYS */;

-- Listage de la structure de la table laravel10. clientes
CREATE TABLE IF NOT EXISTS `clientes` (
  `id` bigint(20) DEFAULT NULL,
  `tipo` enum('perfil','cliente','proveedor','cli_pro') NOT NULL,
  `razonSocial` varchar(128) DEFAULT NULL,
  `nombres` varchar(80) NOT NULL,
  `apellidos` varchar(80) DEFAULT NULL,
  `activo` tinyint(1) NOT NULL DEFAULT '0',
  `eMail` varchar(191) DEFAULT NULL,
  `created_at` timestamp NULL DEFAULT NULL,
  `updated_at` timestamp NULL DEFAULT NULL,
  UNIQUE KEY `entidads_email_unique` (`eMail`) USING BTREE
) ENGINE=InnoDB DEFAULT CHARSET=utf8 ROW_FORMAT=DYNAMIC;

-- Listage des données de la table laravel10.clientes : ~32 rows (environ)
/*!40000 ALTER TABLE `clientes` DISABLE KEYS */;
INSERT INTO `clientes` (`id`, `tipo`, `razonSocial`, `nombres`, `apellidos`, `activo`, `eMail`, `created_at`, `updated_at`) VALUES
	(1, 'cliente', NULL, 'Sylvie Reignier', '76 Résidence Elysée 2  78170 La Celle-Saint-Cloud  ', 1, 'sylv.reignier@gmail.com', '2023-02-11 18:52:45', '2023-02-11 18:52:45'),
	(2, 'cliente', NULL, 'Virginie Percevaux', '29 Av Gabriel Péri 92500 Rueil-Malmaison   Francia', 1, 'mdiouron@gmail.com', '2023-02-11 18:52:45', '2023-02-11 18:52:45'),
	(6, 'cliente', NULL, 'Nigel Moss', '12\nRue Saint-jean-Baptiste De La Salle 75006 Paris  Ile-de-France Francia', 1, 'nigel.moss@me.com', '2023-02-11 18:52:45', '2023-02-11 18:52:45'),
	(9, 'cliente', NULL, 'Céline Puvis de Chavannes', '45 Rue de la Rangée 92380 Garches  ', 1, 'Celinedaubert@gmail.com', '2023-02-11 18:52:45', '2023-02-11 18:52:45'),
	(11, 'cliente', NULL, 'Marine Reignier', '89 Rue de Bellevue Boulogne-Billancourt  92100 ', 1, NULL, '2023-02-11 18:52:45', '2023-02-11 18:52:45'),
	(10, 'cliente', NULL, 'Amélie Puvis', '34 rue de l\'ancienne mairie  92100 Boulogne-Billancour  ', 1, 'puvisdechavannesamelie@hotmail.com ', '2023-02-11 18:52:45', '2023-02-11 18:52:45'),
	(13, 'cliente', NULL, 'Ségolène Lequeux', '55\navenue Charles de Gaulle 92200 Neully sur seine  ', 1, 'segolene.lequeux@yahoo.fr', '2023-02-11 18:52:45', '2023-02-11 18:52:45'),
	(17, 'cliente', NULL, 'Lucile Dupin', '48 Rue de l\'Ourcq   75019 FR', 1, 'lucile.dupin@gmail.com', '2023-02-11 18:52:45', '2023-02-11 18:52:45'),
	(19, 'cliente', NULL, 'Gwénaële Brétignière Trogoff', '5 rue Julien poupinet, 78150 le chesnay     ', 1, 'gwenaelebretigniere@gmail.com', '2023-02-11 18:52:45', '2023-02-11 18:52:45'),
	(20, 'cliente', NULL, 'Sasha Mongin', '41 Rue du Faubourg du Temple, 75010 Paris    ', 1, 'contact@sashamongin.com', '2023-02-11 18:52:45', '2023-02-11 18:52:45'),
	(22, 'cliente', NULL, 'Antoine Auclaire', '57 Rue du Point du Jour Boulogne-Billancourt  92100 FR', 1, 'antoineauclair@gmail.com', '2023-02-11 18:52:45', '2023-02-11 18:52:45'),
	(23, 'cliente', NULL, 'Philippe Mongin', '6 Rue Taclet Paris 75020 ', 1, 'mongin75020@gmail.com', '2023-02-11 18:52:45', '2023-02-11 18:52:45'),
	(24, 'cliente', NULL, 'Thomas Allemand', '1 Rue Ordener Paris 75018 France', 1, 'thomas-allemand@hotmail.fr', '2023-02-11 18:52:45', '2023-02-11 18:52:45'),
	(50, 'cliente', NULL, 'Armand Auclair', '  ', 0, 'auclair3@gmail.com', '2023-02-11 18:52:45', '2023-02-11 18:52:45'),
	(51, 'cliente', NULL, 'Jean-Baptiste Fouquet Lapar', '1\nBoulevard Belleville, 75011 Paris   Francia', 0, 'jbfl@numero21.com', '2023-02-11 18:52:45', '2023-02-11 18:52:45'),
	(52, 'cliente', NULL, 'Je Formule', '128 Rue De Turenne  75003 Paris  ', 0, 'estelle@jeformule.com', '2023-02-11 18:52:45', '2023-02-11 18:52:45'),
	(53, 'cliente', NULL, 'Anne Schrader', '12\nRue Saint-jean-Baptiste De La Salle 75006 Paris  ', 0, 'anneschrader@gmx.net', '2023-02-11 18:52:45', '2023-02-11 18:52:45'),
	(54, 'cliente', NULL, 'Christelle Didelot', '42 bis rue cardinet 75017 Paris  ', 0, 'cfdidelot@free.fr', '2023-02-11 18:52:45', '2023-02-11 18:52:45'),
	(55, 'cliente', NULL, 'Coralie Dressel', '13 Rue De La Paroisse 78400 Chatou   ', 0, 'coralie@studio36.org', '2023-02-11 18:52:45', '2023-02-11 18:52:45'),
	(56, 'cliente', NULL, 'SOCOTEC', '143\nAvenue Charles de Gaulle 92200 Neuilly-sur-Seine  Francia', 0, 'lnita3108@gmail.com', '2023-02-11 18:52:45', '2023-02-11 18:52:45'),
	(57, 'cliente', NULL, 'Armelle De Geyer', '12 Rue St Jean Baptiste De La Salle Paris 75006  ', 0, 'armelledegeyer@Yahoo.fr', '2023-02-11 18:52:45', '2023-02-11 18:52:45'),
	(58, 'cliente', NULL, 'Andrée Jallon', '14 Rue Compagne Premier, 75014 Paris     ', 0, 'and.jallon@gmail.com', '2023-02-11 18:52:45', '2023-02-11 18:52:45'),
	(59, 'cliente', NULL, 'Sarah Lesne', '14 Rúe Bouret, 75019    ', 0, NULL, '2023-02-11 18:52:45', '2023-02-11 18:52:45'),
	(60, 'cliente', NULL, 'Berenice Gagnepan', '32, rue des Martyrs, 75009 Paris    ', 0, 'Berenice@make-it-agency.com', '2023-02-11 18:52:45', '2023-02-11 18:52:45'),
	(61, 'cliente', NULL, 'Caroline Ozog', '13 Rue des Longs Prés, 92100 Boulogne-Billancourt    ', 0, NULL, '2023-02-11 18:52:45', '2023-02-11 18:52:45'),
	(62, 'cliente', NULL, 'Consulado', '64 Bvd De La Tour Maubourg, 75007    ', 0, NULL, '2023-02-11 18:52:45', '2023-02-11 18:52:45'),
	(63, 'cliente', NULL, 'Clemence Andrieu\nClemence ANDRIEU', '14 Rúe Bouret, 75019  ', 0, 'cl.andrieux@gmail.com', '2023-02-11 18:52:45', '2023-02-11 18:52:45'),
	(64, 'cliente', NULL, 'Adèle Kewin', '90 rue des Moines, 75017 paris\n    ', 0, 'adelekewin@outlook.com', '2023-02-11 18:52:45', '2023-02-11 18:52:45'),
	(65, 'cliente', NULL, 'Francisca Martínez Estupiñan', '284 Boulevard Saint-Germain Paris 75007', 0, NULL, '2023-02-11 18:52:45', '2023-02-11 18:52:45'),
	(66, 'cliente', NULL, 'Sara', '  ', 0, NULL, '2023-02-11 18:52:45', '2023-02-11 18:52:45'),
	(67, 'cliente', NULL, 'Rashida', '  ', 0, NULL, '2023-02-11 18:52:45', '2023-02-11 18:52:45'),
	(68, 'cliente', NULL, 'Vivienne', '  ', 0, NULL, '2023-02-11 18:52:45', '2023-02-11 18:52:45');
/*!40000 ALTER TABLE `clientes` ENABLE KEYS */;

-- Listage de la structure de la table laravel10. direccionables
CREATE TABLE IF NOT EXISTS `direccionables` (
  `direccion_id` bigint(20) unsigned NOT NULL,
  `direccionable_id` bigint(20) unsigned NOT NULL,
  `direccionable_type` varchar(255) COLLATE utf8mb4_unicode_ci NOT NULL,
  KEY `direccionables_direccion_id_foreign` (`direccion_id`),
  CONSTRAINT `direccionables_direccion_id_foreign` FOREIGN KEY (`direccion_id`) REFERENCES `direccions` (`id`) ON DELETE CASCADE ON UPDATE CASCADE
) ENGINE=InnoDB DEFAULT CHARSET=utf8mb4 COLLATE=utf8mb4_unicode_ci;

-- Listage des données de la table laravel10.direccionables : ~0 rows (environ)
/*!40000 ALTER TABLE `direccionables` DISABLE KEYS */;
/*!40000 ALTER TABLE `direccionables` ENABLE KEYS */;

-- Listage de la structure de la table laravel10. direccions
CREATE TABLE IF NOT EXISTS `direccions` (
  `id` bigint(20) unsigned NOT NULL AUTO_INCREMENT,
  `numero` varchar(8) COLLATE utf8mb4_unicode_ci NOT NULL,
  `calle` varchar(50) COLLATE utf8mb4_unicode_ci NOT NULL,
  `codPostal` varchar(6) COLLATE utf8mb4_unicode_ci NOT NULL,
  `ciudad_id` bigint(20) unsigned DEFAULT NULL,
  `created_at` timestamp NULL DEFAULT NULL,
  `updated_at` timestamp NULL DEFAULT NULL,
  PRIMARY KEY (`id`),
  KEY `direccions_ciudad_id_foreign` (`ciudad_id`),
  CONSTRAINT `direccions_ciudad_id_foreign` FOREIGN KEY (`ciudad_id`) REFERENCES `ciudads` (`id`) ON DELETE CASCADE ON UPDATE CASCADE
) ENGINE=InnoDB AUTO_INCREMENT=101 DEFAULT CHARSET=utf8mb4 COLLATE=utf8mb4_unicode_ci;

-- Listage des données de la table laravel10.direccions : ~100 rows (environ)
/*!40000 ALTER TABLE `direccions` DISABLE KEYS */;
INSERT INTO `direccions` (`id`, `numero`, `calle`, `codPostal`, `ciudad_id`, `created_at`, `updated_at`) VALUES
	(1, '36', 'rue Pénélope Roger', '00940', 1, '2023-02-28 19:52:13', '2023-02-28 19:52:13'),
	(2, '0', 'de Delmas', '00045', 2, '2023-02-28 19:52:13', '2023-02-28 19:52:13'),
	(3, '875', 'boulevard Jacqueline Gillet', '00842', 3, '2023-02-28 19:52:13', '2023-02-28 19:52:13'),
	(4, '60', 'place Bernard Daniel', '00675', 4, '2023-02-28 19:52:13', '2023-02-28 19:52:13'),
	(5, '75', 'impasse Da Costa', '00986', 5, '2023-02-28 19:52:13', '2023-02-28 19:52:13'),
	(6, '0', 'de Fournier', '00302', 6, '2023-02-28 19:52:13', '2023-02-28 19:52:13'),
	(7, '96', 'impasse Coulon', '00251', 7, '2023-02-28 19:52:13', '2023-02-28 19:52:13'),
	(8, '656', 'chemin de Le Gall', '00702', 8, '2023-02-28 19:52:13', '2023-02-28 19:52:13'),
	(9, '159', 'place de Pereira', '00778', 9, '2023-02-28 19:52:13', '2023-02-28 19:52:13'),
	(10, '925', 'avenue de Mercier', '00553', 10, '2023-02-28 19:52:13', '2023-02-28 19:52:13'),
	(11, '0', 'de Berger', '00258', 11, '2023-02-28 19:52:13', '2023-02-28 19:52:13'),
	(12, '15', 'chemin de Auger', '00193', 12, '2023-02-28 19:52:13', '2023-02-28 19:52:13'),
	(13, '51', 'rue Imbert', '00886', 13, '2023-02-28 19:52:13', '2023-02-28 19:52:13'),
	(14, '36', 'rue Anne Mahe', '00983', 14, '2023-02-28 19:52:13', '2023-02-28 19:52:13'),
	(15, '20', 'impasse de Grondin', '00721', 15, '2023-02-28 19:52:13', '2023-02-28 19:52:13'),
	(16, '60', 'boulevard Valentine Lemonnier', '00943', 16, '2023-02-28 19:52:13', '2023-02-28 19:52:13'),
	(17, '41', 'impasse Perrin', '00719', 17, '2023-02-28 19:52:13', '2023-02-28 19:52:13'),
	(18, '17', 'rue Sauvage', '00967', 18, '2023-02-28 19:52:13', '2023-02-28 19:52:13'),
	(19, '42', 'rue Benjamin Faivre', '00794', 19, '2023-02-28 19:52:13', '2023-02-28 19:52:13'),
	(20, '70', 'impasse Léon Guillot', '00338', 20, '2023-02-28 19:52:13', '2023-02-28 19:52:13'),
	(21, '498', 'place Colette Gay', '00561', 21, '2023-02-28 19:52:13', '2023-02-28 19:52:13'),
	(22, '70', 'place de Marin', '00930', 22, '2023-02-28 19:52:14', '2023-02-28 19:52:14'),
	(23, '54', 'boulevard Denise Albert', '00092', 23, '2023-02-28 19:52:14', '2023-02-28 19:52:14'),
	(24, '13', 'boulevard Cordier', '00996', 24, '2023-02-28 19:52:14', '2023-02-28 19:52:14'),
	(25, '83', 'rue Benoit', '00253', 25, '2023-02-28 19:52:14', '2023-02-28 19:52:14'),
	(26, '227', 'rue Michel', '00612', 26, '2023-02-28 19:52:14', '2023-02-28 19:52:14'),
	(27, '1', 'impasse Marcelle Dumas', '00976', 27, '2023-02-28 19:52:14', '2023-02-28 19:52:14'),
	(28, '0', 'Vincent Germain', '00099', 28, '2023-02-28 19:52:14', '2023-02-28 19:52:14'),
	(29, '354', 'impasse Thibault Legendre', '00492', 29, '2023-02-28 19:52:14', '2023-02-28 19:52:14'),
	(30, '51', 'impasse de Dias', '00897', 30, '2023-02-28 19:52:14', '2023-02-28 19:52:14'),
	(31, '916', 'impasse Corinne Vasseur', '00466', 31, '2023-02-28 19:52:14', '2023-02-28 19:52:14'),
	(32, '36', 'rue Antoine Bouvier', '00570', 32, '2023-02-28 19:52:14', '2023-02-28 19:52:14'),
	(33, '0', 'de Duhamel', '00002', 33, '2023-02-28 19:52:14', '2023-02-28 19:52:14'),
	(34, '60', 'chemin Arnaud', '00319', 34, '2023-02-28 19:52:14', '2023-02-28 19:52:14'),
	(35, '92', 'rue Martin Weber', '00728', 35, '2023-02-28 19:52:14', '2023-02-28 19:52:14'),
	(36, '826', 'rue de Grondin', '00117', 36, '2023-02-28 19:52:14', '2023-02-28 19:52:14'),
	(37, '24', 'rue Martine Guyot', '00577', 37, '2023-02-28 19:52:14', '2023-02-28 19:52:14'),
	(38, '58', 'impasse Robert Bazin', '00454', 38, '2023-02-28 19:52:15', '2023-02-28 19:52:15'),
	(39, '481', 'chemin Lucy Laurent', '00621', 39, '2023-02-28 19:52:15', '2023-02-28 19:52:15'),
	(40, '0', 'de Cousin', '00665', 40, '2023-02-28 19:52:15', '2023-02-28 19:52:15'),
	(41, '40', 'rue de Reynaud', '00736', 41, '2023-02-28 19:52:15', '2023-02-28 19:52:15'),
	(42, '0', 'de Barbier', '00358', 42, '2023-02-28 19:52:15', '2023-02-28 19:52:15'),
	(43, '65', 'rue Moreno', '00712', 43, '2023-02-28 19:52:15', '2023-02-28 19:52:15'),
	(44, '0', 'de Coste', '00503', 44, '2023-02-28 19:52:15', '2023-02-28 19:52:15'),
	(45, '6', 'rue de Mathieu', '00890', 45, '2023-02-28 19:52:15', '2023-02-28 19:52:15'),
	(46, '56', 'rue de Renaud', '00997', 46, '2023-02-28 19:52:15', '2023-02-28 19:52:15'),
	(47, '0', 'Potier', '00949', 47, '2023-02-28 19:52:15', '2023-02-28 19:52:15'),
	(48, '40', 'rue de Joseph', '00370', 48, '2023-02-28 19:52:15', '2023-02-28 19:52:15'),
	(49, '46', 'boulevard de Pierre', '00415', 49, '2023-02-28 19:52:15', '2023-02-28 19:52:15'),
	(50, '6', 'impasse de Baron', '00989', 50, '2023-02-28 19:52:15', '2023-02-28 19:52:15'),
	(51, '4', 'rue Perrot', '00373', 51, '2023-02-28 19:52:15', '2023-02-28 19:52:15'),
	(52, '45', 'impasse de Lopes', '00231', 52, '2023-02-28 19:52:15', '2023-02-28 19:52:15'),
	(53, '35', 'rue Renaud', '00321', 53, '2023-02-28 19:52:15', '2023-02-28 19:52:15'),
	(54, '0', 'de Sauvage', '00232', 54, '2023-02-28 19:52:15', '2023-02-28 19:52:15'),
	(55, '77', 'avenue Aurélie Maurice', '00009', 55, '2023-02-28 19:52:15', '2023-02-28 19:52:15'),
	(56, '701', 'rue Gaillard', '00378', 56, '2023-02-28 19:52:15', '2023-02-28 19:52:15'),
	(57, '7', 'rue Guibert', '00336', 57, '2023-02-28 19:52:15', '2023-02-28 19:52:15'),
	(58, '52', 'rue de Chevalier', '00395', 58, '2023-02-28 19:52:15', '2023-02-28 19:52:15'),
	(59, '82', 'avenue Dias', '00073', 59, '2023-02-28 19:52:15', '2023-02-28 19:52:15'),
	(60, '61', 'rue Margaret Gerard', '00051', 60, '2023-02-28 19:52:15', '2023-02-28 19:52:15'),
	(61, '39', 'boulevard de Mendes', '00559', 61, '2023-02-28 19:52:16', '2023-02-28 19:52:16'),
	(62, '0', 'Colette Vaillant', '00839', 62, '2023-02-28 19:52:16', '2023-02-28 19:52:16'),
	(63, '89', 'avenue Jean Jacob', '00617', 63, '2023-02-28 19:52:16', '2023-02-28 19:52:16'),
	(64, '53', 'place Michelle Le Gall', '00207', 64, '2023-02-28 19:52:16', '2023-02-28 19:52:16'),
	(65, '5', 'rue Madeleine Texier', '00159', 65, '2023-02-28 19:52:16', '2023-02-28 19:52:16'),
	(66, '7', 'place Rémy Fabre', '00774', 66, '2023-02-28 19:52:16', '2023-02-28 19:52:16'),
	(67, '79', 'rue Gomez', '00291', 67, '2023-02-28 19:52:16', '2023-02-28 19:52:16'),
	(68, '2', 'avenue Marin', '00948', 68, '2023-02-28 19:52:16', '2023-02-28 19:52:16'),
	(69, '8', 'place de Morvan', '00360', 69, '2023-02-28 19:52:16', '2023-02-28 19:52:16'),
	(70, '8', 'rue Sabine Morel', '00148', 70, '2023-02-28 19:52:16', '2023-02-28 19:52:16'),
	(71, '510', 'boulevard Éric Gros', '00400', 71, '2023-02-28 19:52:16', '2023-02-28 19:52:16'),
	(72, '8', 'rue Aurélie Boyer', '00834', 72, '2023-02-28 19:52:16', '2023-02-28 19:52:16'),
	(73, '53', 'chemin Delorme', '00341', 73, '2023-02-28 19:52:16', '2023-02-28 19:52:16'),
	(74, '95', 'place Alix Gauthier', '00536', 74, '2023-02-28 19:52:16', '2023-02-28 19:52:16'),
	(75, '1', 'avenue Nguyen', '00993', 75, '2023-02-28 19:52:16', '2023-02-28 19:52:16'),
	(76, '28', 'place de Marchand', '00061', 76, '2023-02-28 19:52:16', '2023-02-28 19:52:16'),
	(77, '25', 'place Daniel', '00436', 77, '2023-02-28 19:52:16', '2023-02-28 19:52:16'),
	(78, '25', 'place Etienne', '00147', 78, '2023-02-28 19:52:16', '2023-02-28 19:52:16'),
	(79, '11', 'place Gaudin', '00538', 79, '2023-02-28 19:52:16', '2023-02-28 19:52:16'),
	(80, '5', 'place Thierry', '00618', 80, '2023-02-28 19:52:16', '2023-02-28 19:52:16'),
	(81, '854', 'rue de Fournier', '00002', 81, '2023-02-28 19:52:16', '2023-02-28 19:52:16'),
	(82, '997', 'boulevard de Roger', '00064', 82, '2023-02-28 19:52:16', '2023-02-28 19:52:16'),
	(83, '2', 'boulevard de Martel', '00518', 83, '2023-02-28 19:52:16', '2023-02-28 19:52:16'),
	(84, '873', 'rue Boulanger', '00312', 84, '2023-02-28 19:52:16', '2023-02-28 19:52:16'),
	(85, '1', 'boulevard Camille Hernandez', '00583', 85, '2023-02-28 19:52:16', '2023-02-28 19:52:16'),
	(86, '75', 'rue Bruneau', '00395', 86, '2023-02-28 19:52:16', '2023-02-28 19:52:16'),
	(87, '96', 'avenue Charlotte Leroy', '00661', 87, '2023-02-28 19:52:16', '2023-02-28 19:52:16'),
	(88, '89', 'avenue de Brunet', '00260', 88, '2023-02-28 19:52:17', '2023-02-28 19:52:17'),
	(89, '52', 'boulevard de Gomes', '00692', 89, '2023-02-28 19:52:17', '2023-02-28 19:52:17'),
	(90, '151', 'place de Blin', '00914', 90, '2023-02-28 19:52:17', '2023-02-28 19:52:17'),
	(91, '90', 'avenue de Le Gall', '00397', 91, '2023-02-28 19:52:17', '2023-02-28 19:52:17'),
	(92, '940', 'impasse Anne Daniel', '00708', 92, '2023-02-28 19:52:17', '2023-02-28 19:52:17'),
	(93, '59', 'boulevard de Roux', '00802', 93, '2023-02-28 19:52:17', '2023-02-28 19:52:17'),
	(94, '866', 'rue Eugène Bertrand', '00753', 94, '2023-02-28 19:52:17', '2023-02-28 19:52:17'),
	(95, '43', 'avenue Boulanger', '00706', 95, '2023-02-28 19:52:17', '2023-02-28 19:52:17'),
	(96, '34', 'rue Audrey Roy', '00070', 96, '2023-02-28 19:52:17', '2023-02-28 19:52:17'),
	(97, '67', 'boulevard de Weber', '00980', 97, '2023-02-28 19:52:17', '2023-02-28 19:52:17'),
	(98, '0', 'de Da Silva', '00565', 98, '2023-02-28 19:52:17', '2023-02-28 19:52:17'),
	(99, '0', 'Colas', '00849', 99, '2023-02-28 19:52:17', '2023-02-28 19:52:17'),
	(100, '0', 'Charpentier', '00057', 100, '2023-02-28 19:52:17', '2023-02-28 19:52:17');
/*!40000 ALTER TABLE `direccions` ENABLE KEYS */;

-- Listage de la structure de la table laravel10. failed_jobs
CREATE TABLE IF NOT EXISTS `failed_jobs` (
  `id` bigint(20) unsigned NOT NULL AUTO_INCREMENT,
  `uuid` varchar(255) COLLATE utf8mb4_unicode_ci NOT NULL,
  `connection` text COLLATE utf8mb4_unicode_ci NOT NULL,
  `queue` text COLLATE utf8mb4_unicode_ci NOT NULL,
  `payload` longtext COLLATE utf8mb4_unicode_ci NOT NULL,
  `exception` longtext COLLATE utf8mb4_unicode_ci NOT NULL,
  `failed_at` timestamp NOT NULL DEFAULT CURRENT_TIMESTAMP,
  PRIMARY KEY (`id`),
  UNIQUE KEY `failed_jobs_uuid_unique` (`uuid`)
) ENGINE=InnoDB DEFAULT CHARSET=utf8mb4 COLLATE=utf8mb4_unicode_ci;

-- Listage des données de la table laravel10.failed_jobs : ~0 rows (environ)
/*!40000 ALTER TABLE `failed_jobs` DISABLE KEYS */;
/*!40000 ALTER TABLE `failed_jobs` ENABLE KEYS */;

-- Listage de la structure de la table laravel10. marcadorables
CREATE TABLE IF NOT EXISTS `marcadorables` (
  `marcador_id` bigint(20) unsigned NOT NULL,
  `marcadorable_id` bigint(20) unsigned NOT NULL,
  `marcadorable_type` varchar(255) COLLATE utf8mb4_unicode_ci NOT NULL,
  KEY `marcadorables_marcador_id_foreign` (`marcador_id`),
  CONSTRAINT `marcadorables_marcador_id_foreign` FOREIGN KEY (`marcador_id`) REFERENCES `marcadors` (`id`) ON DELETE CASCADE ON UPDATE CASCADE
) ENGINE=InnoDB DEFAULT CHARSET=utf8mb4 COLLATE=utf8mb4_unicode_ci;

-- Listage des données de la table laravel10.marcadorables : ~0 rows (environ)
/*!40000 ALTER TABLE `marcadorables` DISABLE KEYS */;
/*!40000 ALTER TABLE `marcadorables` ENABLE KEYS */;

-- Listage de la structure de la table laravel10. marcadors
CREATE TABLE IF NOT EXISTS `marcadors` (
  `id` bigint(20) unsigned NOT NULL AUTO_INCREMENT,
  `nombre` varchar(45) CHARACTER SET utf8 DEFAULT NULL,
  `babosa` varchar(45) CHARACTER SET utf8 DEFAULT NULL,
  `hexa` varchar(7) CHARACTER SET utf8 NOT NULL DEFAULT '#',
  `rgb` varchar(20) CHARACTER SET utf8 DEFAULT NULL,
  `metadata` json DEFAULT NULL,
  `activo` tinyint(1) NOT NULL DEFAULT '1',
  `created_at` timestamp NULL DEFAULT NULL,
  `updated_at` timestamp NULL DEFAULT NULL,
  `deleted_at` timestamp NULL DEFAULT NULL,
  PRIMARY KEY (`id`),
  UNIQUE KEY `marcadors_hexa_unique` (`hexa`),
  UNIQUE KEY `marcadors_nombre_unique` (`nombre`)
) ENGINE=InnoDB AUTO_INCREMENT=141 DEFAULT CHARSET=utf8mb4 COLLATE=utf8mb4_unicode_ci;

-- Listage des données de la table laravel10.marcadors : ~140 rows (environ)
/*!40000 ALTER TABLE `marcadors` DISABLE KEYS */;
INSERT INTO `marcadors` (`id`, `nombre`, `babosa`, `hexa`, `rgb`, `metadata`, `activo`, `created_at`, `updated_at`, `deleted_at`) VALUES
	(1, 'Alice Azul', 'alice-azul', '#F0F8FF', 'rgb (240,248,255)', '["Alice Azul", "#F0F8FF", "rgb (240,248,255)"]', 0, NULL, NULL, NULL),
	(2, 'Baker-Miller Rosa', 'baker-miller-rosa', '#FF91AF', 'rgb (255,145,175)', '["Baker-Miller Rosa", "#FF91AF", "rgb (255,145,175)"]', 0, NULL, NULL, NULL),
	(3, 'Blanco Antiguo', 'blanco-antiguo', '#FAEBD7', 'rgb (250,235,215)', '["Blanco Antiguo", "#FAEBD7", "rgb (250,235,215)"]', 1, NULL, NULL, NULL),
	(4, 'Aguamarina', 'aguamarina', '#7FFFD4', 'rgb (127,255,212)', '["Aguamarina", "#7FFFD4", "rgb (127,255,212)"]', 1, NULL, NULL, NULL),
	(5, 'Azur', 'azur', '#F0FFFF', 'rgb (240,255,255)', '["Azur", "#F0FFFF", "rgb (240,255,255)"]', 1, NULL, NULL, NULL),
	(6, 'Beige', 'beige', '#F5F5DC', 'rgb (245,245,220)', '["Beige", "#F5F5DC", "rgb (245,245,220)"]', 1, NULL, NULL, NULL),
	(7, 'Sopa De Mariscos', 'sopa-de-mariscos', '#FFE4C4', 'rgb (255,228,196)', '["Sopa De Mariscos", "#FFE4C4", "rgb (255,228,196)"]', 1, NULL, NULL, NULL),
	(8, 'Negro', 'negro', '#000000', 'rgb (0,0,0)', '["Negro", "#000000", "rgb (0,0,0)"]', 1, NULL, NULL, NULL),
	(9, 'Blanchedalmond', 'blanchedalmond', '#FFEBCD', 'rgb (255,235,205)', '["Blanchedalmond", "#FFEBCD", "rgb (255,235,205)"]', 0, NULL, NULL, NULL),
	(10, 'Azul', 'azul', '#0000FF', 'rgb (0,0,255)', '["Azul", "#0000FF", "rgb (0,0,255)"]', 0, NULL, NULL, NULL),
	(11, 'Violeta Azul', 'violeta-azul', '#8A2BE2', 'rgb (138,43,226)', '["Violeta Azul", "#8A2BE2", "rgb (138,43,226)"]', 1, NULL, NULL, NULL),
	(12, 'Marrón', 'marron', '#A52A2A', 'rgb (165,42,42)', '["Marru00f3n", "#A52A2A", "rgb (165,42,42)"]', 1, NULL, NULL, NULL),
	(13, 'Burlywood', 'burlywood', '#DEB887', 'rgb (222,184,135)', '["Burlywood", "#DEB887", "rgb (222,184,135)"]', 0, NULL, NULL, NULL),
	(14, 'Cadetblue', 'cadetblue', '#5F9EA0', 'rgb (95,158,160)', '["Cadetblue", "#5F9EA0", "rgb (95,158,160)"]', 1, NULL, NULL, NULL),
	(15, 'Monasterio', 'monasterio', '#7FFF00', 'rgb (127,255,0)', '["Monasterio", "#7FFF00", "rgb (127,255,0)"]', 1, NULL, NULL, NULL),
	(16, 'Chocolate', 'chocolate', '#D2691E', 'rgb (210,105,30)', '["Chocolate", "#D2691E", "rgb (210,105,30)"]', 1, NULL, NULL, NULL),
	(17, 'Coral', 'coral', '#FF7F50', 'rgb (255,127,80)', '["Coral", "#FF7F50", "rgb (255,127,80)"]', 0, NULL, NULL, NULL),
	(18, 'Aciano Azul', 'aciano-azul', '#6495ED', 'rgb (100,149,237)', '["Aciano Azul", "#6495ED", "rgb (100,149,237)"]', 1, NULL, NULL, NULL),
	(19, 'Seda De Maiz', 'seda-de-maiz', '#FFF8DC', 'rgb (255,248,220)', '["Seda De Maiz", "#FFF8DC", "rgb (255,248,220)"]', 0, NULL, NULL, NULL),
	(20, 'Carmesí', 'carmesi', '#DC143C', 'rgb (220,20,60)', '["Carmesu00ed", "#DC143C", "rgb (220,20,60)"]', 1, NULL, NULL, NULL),
	(21, 'Cian', 'cian', '#00FFFF', 'rgb (0,255,255)', '["Cian", "#00FFFF", "rgb (0,255,255)"]', 1, NULL, NULL, NULL),
	(22, 'Azul Oscuro', 'azul-oscuro', '#00008B', 'rgb (0,0,139)', '["Azul Oscuro", "#00008B", "rgb (0,0,139)"]', 1, NULL, NULL, NULL),
	(23, 'Darkcyan', 'darkcyan', '#008B8B', 'rgb (0,139,139)', '["Darkcyan", "#008B8B", "rgb (0,139,139)"]', 1, NULL, NULL, NULL),
	(24, 'Darkgoldenrod', 'darkgoldenrod', '#B8860B', 'rgb (184,134,11)', '["Darkgoldenrod", "#B8860B", "rgb (184,134,11)"]', 0, NULL, NULL, NULL),
	(25, 'Gris Oscuro', 'gris-oscuro', '#A9A9A9', 'rgb (169,169,169)', '["Gris Oscuro", "#A9A9A9", "rgb (169,169,169)"]', 1, NULL, NULL, NULL),
	(26, 'Verde Oscuro', 'verde-oscuro', '#006400', 'rgb (0,100,0)', '["Verde Oscuro", "#006400", "rgb (0,100,0)"]', 0, NULL, NULL, NULL),
	(27, 'Darkkhaki', 'darkkhaki', '#BDB76B', 'rgb (189,183,107)', '["Darkkhaki", "#BDB76B", "rgb (189,183,107)"]', 0, NULL, NULL, NULL),
	(28, 'Darkmagenta', 'darkmagenta', '#8B008B', 'rgb (139,0,139)', '["Darkmagenta", "#8B008B", "rgb (139,0,139)"]', 1, NULL, NULL, NULL),
	(29, 'Darkolivegreen', 'darkolivegreen', '#556B2F', 'rgb (85,107,47)', '["Darkolivegreen", "#556B2F", "rgb (85,107,47)"]', 0, NULL, NULL, NULL),
	(30, 'Naranja Oscuro', 'naranja-oscuro', '#FF8C00', 'rgb (255,140,0)', '["Naranja Oscuro", "#FF8C00", "rgb (255,140,0)"]', 1, NULL, NULL, NULL),
	(31, 'Orquídea Oscura', 'orquidea-oscura', '#9932CC', 'rgb (153,50,204)', '["Orquu00eddea Oscura", "#9932CC", "rgb (153,50,204)"]', 1, NULL, NULL, NULL),
	(32, 'Rojo Oscuro', 'rojo-oscuro', '#8B0000', 'rgb (139,0,0)', '["Rojo Oscuro", "#8B0000", "rgb (139,0,0)"]', 1, NULL, NULL, NULL),
	(33, 'Salmón Oscuro', 'salmon-oscuro', '#E9967A', 'rgb (233,150,122)', '["Salmu00f3n Oscuro", "#E9967A", "rgb (233,150,122)"]', 1, NULL, NULL, NULL),
	(34, 'Darkseagreen', 'darkseagreen', '#8FBC8F', 'rgb (143,188,143)', '["Darkseagreen", "#8FBC8F", "rgb (143,188,143)"]', 1, NULL, NULL, NULL),
	(35, 'Darkslateblue', 'darkslateblue', '#483D8B', 'rgb (72,61,139)', '["Darkslateblue", "#483D8B", "rgb (72,61,139)"]', 0, NULL, NULL, NULL),
	(36, 'Darkslategrey', 'darkslategrey', '#2F4F4F', 'rgb (47,79,79)', '["Darkslategrey", "#2F4F4F", "rgb (47,79,79)"]', 1, NULL, NULL, NULL),
	(37, 'Darkturquoise', 'darkturquoise', '#00CED1', 'rgb (0,206,209)', '["Darkturquoise", "#00CED1", "rgb (0,206,209)"]', 1, NULL, NULL, NULL),
	(38, 'Violeta Oscuro', 'violeta-oscuro', '#9400D3', 'rgb (148,0,211)', '["Violeta Oscuro", "#9400D3", "rgb (148,0,211)"]', 1, NULL, NULL, NULL),
	(39, 'Rosa Profundo', 'rosa-profundo', '#FF1493', 'rgb (255,20,147)', '["Rosa Profundo", "#FF1493", "rgb (255,20,147)"]', 0, NULL, NULL, NULL),
	(40, 'Deepskyblue', 'deepskyblue', '#00BFFF', 'rgb (0,191,255)', '["Deepskyblue", "#00BFFF", "rgb (0,191,255)"]', 1, NULL, NULL, NULL),
	(41, 'Dimgrey', 'dimgrey', '#696969', 'rgb (105,105,105)', '["Dimgrey", "#696969", "rgb (105,105,105)"]', 1, NULL, NULL, NULL),
	(42, 'Dodgerblue', 'dodgerblue', '#1E90FF', 'rgb (30,144,255)', '["Dodgerblue", "#1E90FF", "rgb (30,144,255)"]', 1, NULL, NULL, NULL),
	(43, 'Ladrillo Refractario', 'ladrillo-refractario', '#B22222', 'rgb (178,34,34)', '["Ladrillo Refractario", "#B22222", "rgb (178,34,34)"]', 1, NULL, NULL, NULL),
	(44, 'Floralwhite', 'floralwhite', '#FFFAF0', 'rgb (255,250,240)', '["Floralwhite", "#FFFAF0", "rgb (255,250,240)"]', 1, NULL, NULL, NULL),
	(45, 'Bosque Verde', 'bosque-verde', '#228B22', 'rgb (34,139,34)', '["Bosque Verde", "#228B22", "rgb (34,139,34)"]', 0, NULL, NULL, NULL),
	(46, 'Fucsia', 'fucsia', '#FF00FF', 'rgb (255,0,255)', '["Fucsia", "#FF00FF", "rgb (255,0,255)"]', 1, NULL, NULL, NULL),
	(47, 'Gainsboro', 'gainsboro', '#DCDCDC', 'rgb (220,220,220)', '["Gainsboro", "#DCDCDC", "rgb (220,220,220)"]', 1, NULL, NULL, NULL),
	(48, 'Fantasma Blanco', 'fantasma-blanco', '#F8F8FF', 'rgb (248,248,255)', '["Fantasma Blanco", "#F8F8FF", "rgb (248,248,255)"]', 0, NULL, NULL, NULL),
	(49, 'Oro', 'oro', '#FFD700', 'rgb (255,215,0)', '["Oro", "#FFD700", "rgb (255,215,0)"]', 1, NULL, NULL, NULL),
	(50, 'Vara De Oro', 'vara-de-oro', '#DAA520', 'rgb (218,165,32)', '["Vara De Oro", "#DAA520", "rgb (218,165,32)"]', 1, NULL, NULL, NULL),
	(51, 'Gris', 'gris', '#808080', 'rgb (128,128,128)', '["Gris", "#808080", "rgb (128,128,128)"]', 0, NULL, NULL, NULL),
	(52, 'Verde', 'verde', '#008000', 'rgb (0,128,0)', '["Verde", "#008000", "rgb (0,128,0)"]', 0, NULL, NULL, NULL),
	(53, 'Verde Amarillo', 'verde-amarillo', '#ADFF2F', 'rgb (173,255,47)', '["Verde Amarillo", "#ADFF2F", "rgb (173,255,47)"]', 0, NULL, NULL, NULL),
	(54, 'Gotas De Miel', 'gotas-de-miel', '#F0FFF0', 'rgb (240,255,240)', '["Gotas De Miel", "#F0FFF0", "rgb (240,255,240)"]', 1, NULL, NULL, NULL),
	(55, 'Rosa Caliente', 'rosa-caliente', '#FF69B4', 'rgb (255,105,180)', '["Rosa Caliente", "#FF69B4", "rgb (255,105,180)"]', 1, NULL, NULL, NULL),
	(56, 'Indianred', 'indianred', '#CD5C5C', 'rgb (205,92,92)', '["Indianred", "#CD5C5C", "rgb (205,92,92)"]', 0, NULL, NULL, NULL),
	(57, 'Índigo', 'indigo', '#4B0082', 'rgb (75,0,130)', '["u00cdndigo", "#4B0082", "rgb (75,0,130)"]', 0, NULL, NULL, NULL),
	(58, 'Marfil', 'marfil', '#FFFFF0', 'rgb (255,255,240)', '["Marfil", "#FFFFF0", "rgb (255,255,240)"]', 1, NULL, NULL, NULL),
	(59, 'Caqui', 'caqui', '#F0E68C', 'rgb (240,230,140)', '["Caqui", "#F0E68C", "rgb (240,230,140)"]', 1, NULL, NULL, NULL),
	(60, 'Lavanda', 'lavanda', '#E6E6FA', 'rgb (230,230,250)', '["Lavanda", "#E6E6FA", "rgb (230,230,250)"]', 1, NULL, NULL, NULL),
	(61, 'Lavenderblush', 'lavenderblush', '#FFF0F5', 'rgb (255,240,245)', '["Lavenderblush", "#FFF0F5", "rgb (255,240,245)"]', 1, NULL, NULL, NULL),
	(62, 'Césped Verde', 'cesped-verde', '#7CFC00', 'rgb (124,252,0)', '["Cu00e9sped Verde", "#7CFC00", "rgb (124,252,0)"]', 1, NULL, NULL, NULL),
	(63, 'Limón Chiffon', 'limon-chiffon', '#FFFACD', 'rgb (255,250,205)', '["Limu00f3n Chiffon", "#FFFACD", "rgb (255,250,205)"]', 1, NULL, NULL, NULL),
	(64, 'Azul Claro', 'azul-claro', '#ADD8E6', 'rgb (173,216,230)', '["Azul Claro", "#ADD8E6", "rgb (173,216,230)"]', 0, NULL, NULL, NULL),
	(65, 'Lightcoral', 'lightcoral', '#F08080', 'rgb (240,128,128)', '["Lightcoral", "#F08080", "rgb (240,128,128)"]', 0, NULL, NULL, NULL),
	(66, 'Cian Claro', 'cian-claro', '#E0FFFF', 'rgb (224,255,255)', '["Cian Claro", "#E0FFFF", "rgb (224,255,255)"]', 1, NULL, NULL, NULL),
	(67, 'Lightgoldenrodyellow', 'lightgoldenrodyellow', '#FAFAD2', 'rgb (250,250,210)', '["Lightgoldenrodyellow", "#FAFAD2", "rgb (250,250,210)"]', 0, NULL, NULL, NULL),
	(68, 'Gris Claro', 'gris-claro', '#D3D3D3', 'rgb (211,211,211)', '["Gris Claro", "#D3D3D3", "rgb (211,211,211)"]', 0, NULL, NULL, NULL),
	(69, 'Verde Claro', 'verde-claro', '#90EE90', 'rgb (144,238,144)', '["Verde Claro", "#90EE90", "rgb (144,238,144)"]', 1, NULL, NULL, NULL),
	(70, 'Rosa Claro', 'rosa-claro', '#FFB6C1', 'rgb (255,182,193)', '["Rosa Claro", "#FFB6C1", "rgb (255,182,193)"]', 0, NULL, NULL, NULL),
	(71, 'Salmón De Luz', 'salmon-de-luz', '#FFA07A', 'rgb (255,160,122)', '["Salmu00f3n De Luz", "#FFA07A", "rgb (255,160,122)"]', 1, NULL, NULL, NULL),
	(72, 'Lightseagreen', 'lightseagreen', '#20B2AA', 'rgb (32,178,170)', '["Lightseagreen", "#20B2AA", "rgb (32,178,170)"]', 1, NULL, NULL, NULL),
	(73, 'Lightskyblue', 'lightskyblue', '#87CEFA', 'rgb (135,206,250)', '["Lightskyblue", "#87CEFA", "rgb (135,206,250)"]', 1, NULL, NULL, NULL),
	(74, 'Lightslategray', 'lightslategray', '#778899', 'rgb (119,136,153)', '["Lightslategray", "#778899", "rgb (119,136,153)"]', 1, NULL, NULL, NULL),
	(75, 'Lightsteelblue', 'lightsteelblue', '#B0C4DE', 'rgb (176,196,222)', '["Lightsteelblue", "#B0C4DE", "rgb (176,196,222)"]', 1, NULL, NULL, NULL),
	(76, 'Amarillo Claro', 'amarillo-claro', '#FFFFE0', 'rgb (255,255,224)', '["Amarillo Claro", "#FFFFE0", "rgb (255,255,224)"]', 0, NULL, NULL, NULL),
	(77, 'Lima', 'lima', '#00FF00', 'rgb (0,255,0)', '["Lima", "#00FF00", "rgb (0,255,0)"]', 0, NULL, NULL, NULL),
	(78, 'Verde Lima', 'verde-lima', '#32CD32', 'rgb (50,205,50)', '["Verde Lima", "#32CD32", "rgb (50,205,50)"]', 0, NULL, NULL, NULL),
	(79, 'Lino', 'lino', '#FAF0E6', 'rgb (250,240,230)', '["Lino", "#FAF0E6", "rgb (250,240,230)"]', 1, NULL, NULL, NULL),
	(80, 'Granate', 'granate', '#800000', 'rgb (128,0,0)', '["Granate", "#800000", "rgb (128,0,0)"]', 1, NULL, NULL, NULL),
	(81, 'Medioaquamarine', 'medioaquamarine', '#66CDAA', 'rgb (102,205,170)', '["Medioaquamarine", "#66CDAA", "rgb (102,205,170)"]', 1, NULL, NULL, NULL),
	(82, 'Azul Medio', 'azul-medio', '#0000CD', 'rgb (0,0,205)', '["Azul Medio", "#0000CD", "rgb (0,0,205)"]', 1, NULL, NULL, NULL),
	(83, 'Mediumorchid', 'mediumorchid', '#BA55D3', 'rgb (186,85,211)', '["Mediumorchid", "#BA55D3", "rgb (186,85,211)"]', 1, NULL, NULL, NULL),
	(84, 'Mediano', 'mediano', '#9370DB', 'rgb (147,112,219)', '["Mediano", "#9370DB", "rgb (147,112,219)"]', 1, NULL, NULL, NULL),
	(85, 'Mediumseagreen', 'mediumseagreen', '#3CB371', 'rgb (60,179,113)', '["Mediumseagreen", "#3CB371", "rgb (60,179,113)"]', 0, NULL, NULL, NULL),
	(86, 'Mediumslateblue', 'mediumslateblue', '#7B68EE', 'rgb (123,104,238)', '["Mediumslateblue", "#7B68EE", "rgb (123,104,238)"]', 0, NULL, NULL, NULL),
	(87, 'Mediumspringgreen', 'mediumspringgreen', '#00FA9A', 'rgb (0,250,154)', '["Mediumspringgreen", "#00FA9A", "rgb (0,250,154)"]', 1, NULL, NULL, NULL),
	(88, 'Mediumturquoise', 'mediumturquoise', '#48D1CC', 'rgb (72,209,204)', '["Mediumturquoise", "#48D1CC", "rgb (72,209,204)"]', 0, NULL, NULL, NULL),
	(89, 'Mediumvioletred', 'mediumvioletred', '#C71585', 'rgb (199,21,133)', '["Mediumvioletred", "#C71585", "rgb (199,21,133)"]', 0, NULL, NULL, NULL),
	(90, 'Midnightblue', 'midnightblue', '#191970', 'rgb (25,25,112)', '["Midnightblue", "#191970", "rgb (25,25,112)"]', 0, NULL, NULL, NULL),
	(91, 'Mintcream', 'mintcream', '#F5FFFA', 'rgb (245,255,250)', '["Mintcream", "#F5FFFA", "rgb (245,255,250)"]', 1, NULL, NULL, NULL),
	(92, 'Mistyrose', 'mistyrose', '#FFE4E1', 'rgb (255,228,225)', '["Mistyrose", "#FFE4E1", "rgb (255,228,225)"]', 1, NULL, NULL, NULL),
	(93, 'Mocasín', 'mocasin', '#FFE4B5', 'rgb (255,228,181)', '["Mocasu00edn", "#FFE4B5", "rgb (255,228,181)"]', 0, NULL, NULL, NULL),
	(94, 'Navajoblanco', 'navajoblanco', '#FFDEAD', 'rgb (255,222,173)', '["Navajoblanco", "#FFDEAD", "rgb (255,222,173)"]', 1, NULL, NULL, NULL),
	(95, 'Armada', 'armada', '#000080', 'rgb (0,0,128)', '["Armada", "#000080", "rgb (0,0,128)"]', 1, NULL, NULL, NULL),
	(96, 'Antiguo Lace', 'antiguo-lace', '#FDF5E6', 'rgb (253,245,230)', '["Antiguo Lace", "#FDF5E6", "rgb (253,245,230)"]', 1, NULL, NULL, NULL),
	(97, 'Aceituna', 'aceituna', '#808000', 'rgb (128,128,0)', '["Aceituna", "#808000", "rgb (128,128,0)"]', 1, NULL, NULL, NULL),
	(98, 'Verde Oliva', 'verde-oliva', '#6B8E23', 'rgb (107,142,35)', '["Verde Oliva", "#6B8E23", "rgb (107,142,35)"]', 1, NULL, NULL, NULL),
	(99, 'Naranja', 'naranja', '#FFA500', 'rgb (255,165,0)', '["Naranja", "#FFA500", "rgb (255,165,0)"]', 1, NULL, NULL, NULL),
	(100, 'Rojo Naranja', 'rojo-naranja', '#FF4500', 'rgb (255,69,0)', '["Rojo Naranja", "#FF4500", "rgb (255,69,0)"]', 0, NULL, NULL, NULL),
	(101, 'Orquídea', 'orquidea', '#DA70D6', 'rgb (218,112,214)', '["Orquu00eddea", "#DA70D6", "rgb (218,112,214)"]', 1, NULL, NULL, NULL),
	(102, 'Palegoldenrod', 'palegoldenrod', '#EEE8AA', 'rgb (238,232,170)', '["Palegoldenrod", "#EEE8AA", "rgb (238,232,170)"]', 0, NULL, NULL, NULL),
	(103, 'Verde Pálido', 'verde-palido', '#98FB98', 'rgb (152,251,152)', '["Verde Pu00e1lido", "#98FB98", "rgb (152,251,152)"]', 1, NULL, NULL, NULL),
	(104, 'Paleturquoise', 'paleturquoise', '#AFEEEE', 'rgb (175,238,238)', '["Paleturquoise", "#AFEEEE", "rgb (175,238,238)"]', 0, NULL, NULL, NULL),
	(105, 'Palevioletred', 'palevioletred', '#DB7093', 'rgb (219,112,147)', '["Palevioletred", "#DB7093", "rgb (219,112,147)"]', 1, NULL, NULL, NULL),
	(106, 'Papayawhip', 'papayawhip', '#FFEFD5', 'rgb (255,239,213)', '["Papayawhip", "#FFEFD5", "rgb (255,239,213)"]', 1, NULL, NULL, NULL),
	(107, 'Peachpuff', 'peachpuff', '#FFDAB9', 'rgb (255,218,185)', '["Peachpuff", "#FFDAB9", "rgb (255,218,185)"]', 1, NULL, NULL, NULL),
	(108, 'Perú', 'peru', '#CD853F', 'rgb (205,133,63)', '["Peru00fa", "#CD853F", "rgb (205,133,63)"]', 1, NULL, NULL, NULL),
	(109, 'Rosado', 'rosado', '#FFC0CB', 'rgb (255,192,203)', '["Rosado", "#FFC0CB", "rgb (255,192,203)"]', 1, NULL, NULL, NULL),
	(110, 'Ciruela', 'ciruela', '#DDA0DD', 'rgb (221,160,221)', '["Ciruela", "#DDA0DD", "rgb (221,160,221)"]', 0, NULL, NULL, NULL),
	(111, 'Azul Pálido', 'azul-palido', '#B0E0E6', 'rgb (176,224,230)', '["Azul Pu00e1lido", "#B0E0E6", "rgb (176,224,230)"]', 1, NULL, NULL, NULL),
	(112, 'Púrpura', 'purpura', '#800080', 'rgb (128,0,128)', '["Pu00farpura", "#800080", "rgb (128,0,128)"]', 1, NULL, NULL, NULL),
	(113, 'Rebeccapurple', 'rebeccapurple', '#663399', 'rgb (102,51,153)', '["Rebeccapurple", "#663399", "rgb (102,51,153)"]', 1, NULL, NULL, NULL),
	(114, 'Rojo', 'rojo', '#FF0000', 'rgb (255,0,0)', '["Rojo", "#FF0000", "rgb (255,0,0)"]', 1, NULL, NULL, NULL),
	(115, 'Rosybrown', 'rosybrown', '#BC8F8F', 'rgb (188,143,143)', '["Rosybrown", "#BC8F8F", "rgb (188,143,143)"]', 1, NULL, NULL, NULL),
	(116, 'Azul Real', 'azul-real', '#4169E1', 'rgb (65,105,225)', '["Azul Real", "#4169E1", "rgb (65,105,225)"]', 1, NULL, NULL, NULL),
	(117, 'Saddlebrown', 'saddlebrown', '#8B4513', 'rgb (139,69,19)', '["Saddlebrown", "#8B4513", "rgb (139,69,19)"]', 1, NULL, NULL, NULL),
	(118, 'Salmón', 'salmon', '#FA8072', 'rgb (250,128,114)', '["Salmu00f3n", "#FA8072", "rgb (250,128,114)"]', 1, NULL, NULL, NULL),
	(119, 'Sandybrown', 'sandybrown', '#F4A460', 'rgb (244,164,96)', '["Sandybrown", "#F4A460", "rgb (244,164,96)"]', 1, NULL, NULL, NULL),
	(120, 'Mar Verde', 'mar-verde', '#2E8B57', 'rgb (46,139,87)', '["Mar Verde", "#2E8B57", "rgb (46,139,87)"]', 1, NULL, NULL, NULL),
	(121, 'Concha', 'concha', '#FFF5EE', 'rgb (255,245,238)', '["Concha", "#FFF5EE", "rgb (255,245,238)"]', 1, NULL, NULL, NULL),
	(122, 'Tierra De Siena', 'tierra-de-siena', '#A0522D', 'rgb (160,82,45)', '["Tierra De Siena", "#A0522D", "rgb (160,82,45)"]', 1, NULL, NULL, NULL),
	(123, 'Plata', 'plata', '#C0C0C0', 'rgb (192,192,192)', '["Plata", "#C0C0C0", "rgb (192,192,192)"]', 0, NULL, NULL, NULL),
	(124, 'Cielo Azul', 'cielo-azul', '#87CEEB', 'rgb (135,206,235)', '["Cielo Azul", "#87CEEB", "rgb (135,206,235)"]', 0, NULL, NULL, NULL),
	(125, 'Slateblue', 'slateblue', '#6A5ACD', 'rgb (106,90,205)', '["Slateblue", "#6A5ACD", "rgb (106,90,205)"]', 1, NULL, NULL, NULL),
	(126, 'Slategray', 'slategray', '#708090', 'rgb (112,128,144)', '["Slategray", "#708090", "rgb (112,128,144)"]', 0, NULL, NULL, NULL),
	(127, 'Nieve', 'nieve', '#FFAFA', 'rgb (255,250,250)', '["Nieve", "#FFAFA", "rgb (255,250,250)"]', 0, NULL, NULL, NULL),
	(128, 'Primavera Verde', 'primavera-verde', '#00FF7F', 'rgb (0,255,127)', '["Primavera Verde", "#00FF7F", "rgb (0,255,127)"]', 1, NULL, NULL, NULL),
	(129, 'Azul Acero', 'azul-acero', '#4682B4', 'rgb (70,130,180)', '["Azul Acero", "#4682B4", "rgb (70,130,180)"]', 1, NULL, NULL, NULL),
	(130, 'Bronceado', 'bronceado', '#D2B48C', 'rgb (210,180,140)', '["Bronceado", "#D2B48C", "rgb (210,180,140)"]', 0, NULL, NULL, NULL),
	(131, 'Teal', 'teal', '#008080', 'rgb (0,128,128)', '["Teal", "#008080", "rgb (0,128,128)"]', 1, NULL, NULL, NULL),
	(132, 'Cardo', 'cardo', '#D8BFD8', 'rgb (216,191,216)', '["Cardo", "#D8BFD8", "rgb (216,191,216)"]', 1, NULL, NULL, NULL),
	(133, 'Tomate', 'tomate', '#FF6347', 'rgb (255,99,71)', '["Tomate", "#FF6347", "rgb (255,99,71)"]', 0, NULL, NULL, NULL),
	(134, 'Turquesa', 'turquesa', '#40E0D0', 'rgb (64,224,208)', '["Turquesa", "#40E0D0", "rgb (64,224,208)"]', 0, NULL, NULL, NULL),
	(135, 'Violeta', 'violeta', '#EE82EE', 'rgb (238,130,238)', '["Violeta", "#EE82EE", "rgb (238,130,238)"]', 0, NULL, NULL, NULL),
	(136, 'Trigo', 'trigo', '#F5DEB3', 'rgb (245,222,179)', '["Trigo", "#F5DEB3", "rgb (245,222,179)"]', 1, NULL, NULL, NULL),
	(137, 'Blanco', 'blanco', '#FFFFFF', 'rgb (255,255,255)', '["Blanco", "#FFFFFF", "rgb (255,255,255)"]', 1, NULL, NULL, NULL),
	(138, 'Humo Blanco', 'humo-blanco', '#F5F5F5', 'rgb (245,245,245)', '["Humo Blanco", "#F5F5F5", "rgb (245,245,245)"]', 1, NULL, NULL, NULL),
	(139, 'Amarillo', 'amarillo', '#FFFF00', 'rgb (255,255,0)', '["Amarillo", "#FFFF00", "rgb (255,255,0)"]', 1, NULL, NULL, NULL),
	(140, 'Amarillo Verde', 'amarillo-verde', '#9ACD32', 'rgb (154,205,50)', '["Amarillo Verde", "#9ACD32", "rgb (154,205,50)"]', 1, NULL, NULL, NULL);
/*!40000 ALTER TABLE `marcadors` ENABLE KEYS */;

-- Listage de la structure de la table laravel10. migrations
CREATE TABLE IF NOT EXISTS `migrations` (
  `id` int(10) unsigned NOT NULL AUTO_INCREMENT,
  `migration` varchar(255) COLLATE utf8mb4_unicode_ci NOT NULL,
  `batch` int(11) NOT NULL,
  PRIMARY KEY (`id`)
) ENGINE=InnoDB AUTO_INCREMENT=26 DEFAULT CHARSET=utf8mb4 COLLATE=utf8mb4_unicode_ci;

-- Listage des données de la table laravel10.migrations : ~25 rows (environ)
/*!40000 ALTER TABLE `migrations` DISABLE KEYS */;
INSERT INTO `migrations` (`id`, `migration`, `batch`) VALUES
	(1, '2014_10_12_000000_create_users_table', 1),
	(2, '2014_10_12_100000_create_password_reset_tokens_table', 1),
	(3, '2014_10_12_200000_add_two_factor_columns_to_users_table', 1),
	(4, '2019_08_19_000000_create_failed_jobs_table', 1),
	(5, '2019_12_14_000001_create_personal_access_tokens_table', 1),
	(6, '2023_02_17_201614_create_sessions_table', 1),
	(7, '2023_02_25_115617_create_permission_tables', 1),
	(8, '2023_02_25_123344_create_categorias_table', 1),
	(9, '2023_02_25_123345_create_perfils_table', 1),
	(10, '2023_02_25_123346_create_user_settings_table', 1),
	(11, '2023_02_25_123347_create_marcadors_table', 1),
	(12, '2023_02_25_123348_create_pais_table', 1),
	(13, '2023_02_25_123349_create_ciudads_table', 1),
	(14, '2023_02_25_123350_create_direccions_table', 1),
	(15, '2023_02_25_123351_create_telefonos_table', 1),
	(16, '2023_02_25_123352_create_tablas_table', 1),
	(17, '2023_02_25_123353_create_clientes_table', 1),
	(18, '2023_02_25_123354_create_vendedors_table', 1),
	(19, '2023_02_25_123355_create_traspasos_table', 1),
	(20, '2023_02_25_123356_create_movimientos_table', 1),
	(21, '2023_02_25_123357_create_categoriaables_table', 1),
	(22, '2023_02_25_123358_create_marcadorables_table', 1),
	(23, '2023_02_25_123359_create_direccionables_table', 1),
	(24, '2023_02_25_123400_create_telefonoables_table', 1),
	(25, '2014_10_12_100000_create_password_resets_table', 2);
/*!40000 ALTER TABLE `migrations` ENABLE KEYS */;

-- Listage de la structure de la table laravel10. model_has_permissions
CREATE TABLE IF NOT EXISTS `model_has_permissions` (
  `permission_id` bigint(20) unsigned NOT NULL,
  `model_type` varchar(255) COLLATE utf8mb4_unicode_ci NOT NULL,
  `model_id` bigint(20) unsigned NOT NULL,
  PRIMARY KEY (`permission_id`,`model_id`,`model_type`),
  KEY `model_has_permissions_model_id_model_type_index` (`model_id`,`model_type`),
  CONSTRAINT `model_has_permissions_permission_id_foreign` FOREIGN KEY (`permission_id`) REFERENCES `permissions` (`id`) ON DELETE CASCADE
) ENGINE=InnoDB DEFAULT CHARSET=utf8mb4 COLLATE=utf8mb4_unicode_ci;

-- Listage des données de la table laravel10.model_has_permissions : ~0 rows (environ)
/*!40000 ALTER TABLE `model_has_permissions` DISABLE KEYS */;
/*!40000 ALTER TABLE `model_has_permissions` ENABLE KEYS */;

-- Listage de la structure de la table laravel10. model_has_roles
CREATE TABLE IF NOT EXISTS `model_has_roles` (
  `role_id` bigint(20) unsigned NOT NULL,
  `model_type` varchar(255) COLLATE utf8mb4_unicode_ci NOT NULL,
  `model_id` bigint(20) unsigned NOT NULL,
  PRIMARY KEY (`role_id`,`model_id`,`model_type`),
  KEY `model_has_roles_model_id_model_type_index` (`model_id`,`model_type`),
  CONSTRAINT `model_has_roles_role_id_foreign` FOREIGN KEY (`role_id`) REFERENCES `roles` (`id`) ON DELETE CASCADE
) ENGINE=InnoDB DEFAULT CHARSET=utf8mb4 COLLATE=utf8mb4_unicode_ci;

-- Listage des données de la table laravel10.model_has_roles : ~162 rows (environ)
/*!40000 ALTER TABLE `model_has_roles` DISABLE KEYS */;
INSERT INTO `model_has_roles` (`role_id`, `model_type`, `model_id`) VALUES
	(5, 'App\\Models\\User', 1),
	(1, 'App\\Models\\User', 2),
	(1, 'App\\Models\\User', 3),
	(2, 'App\\Models\\User', 3),
	(1, 'App\\Models\\User', 4),
	(4, 'App\\Models\\User', 4),
	(1, 'App\\Models\\User', 5),
	(3, 'App\\Models\\User', 5),
	(1, 'App\\Models\\User', 6),
	(4, 'App\\Models\\User', 6),
	(2, 'App\\Models\\User', 7),
	(1, 'App\\Models\\User', 8),
	(2, 'App\\Models\\User', 8),
	(2, 'App\\Models\\User', 9),
	(1, 'App\\Models\\User', 10),
	(1, 'App\\Models\\User', 11),
	(2, 'App\\Models\\User', 11),
	(1, 'App\\Models\\User', 12),
	(3, 'App\\Models\\User', 12),
	(1, 'App\\Models\\User', 13),
	(2, 'App\\Models\\User', 13),
	(2, 'App\\Models\\User', 14),
	(1, 'App\\Models\\User', 15),
	(4, 'App\\Models\\User', 15),
	(1, 'App\\Models\\User', 16),
	(4, 'App\\Models\\User', 16),
	(1, 'App\\Models\\User', 17),
	(3, 'App\\Models\\User', 17),
	(1, 'App\\Models\\User', 18),
	(1, 'App\\Models\\User', 19),
	(4, 'App\\Models\\User', 19),
	(1, 'App\\Models\\User', 20),
	(2, 'App\\Models\\User', 20),
	(1, 'App\\Models\\User', 21),
	(2, 'App\\Models\\User', 21),
	(2, 'App\\Models\\User', 22),
	(4, 'App\\Models\\User', 22),
	(2, 'App\\Models\\User', 23),
	(2, 'App\\Models\\User', 24),
	(3, 'App\\Models\\User', 24),
	(1, 'App\\Models\\User', 25),
	(2, 'App\\Models\\User', 25),
	(2, 'App\\Models\\User', 26),
	(1, 'App\\Models\\User', 27),
	(3, 'App\\Models\\User', 27),
	(1, 'App\\Models\\User', 28),
	(1, 'App\\Models\\User', 29),
	(2, 'App\\Models\\User', 30),
	(3, 'App\\Models\\User', 30),
	(1, 'App\\Models\\User', 31),
	(2, 'App\\Models\\User', 31),
	(2, 'App\\Models\\User', 32),
	(4, 'App\\Models\\User', 32),
	(2, 'App\\Models\\User', 33),
	(1, 'App\\Models\\User', 34),
	(2, 'App\\Models\\User', 34),
	(2, 'App\\Models\\User', 35),
	(4, 'App\\Models\\User', 35),
	(1, 'App\\Models\\User', 36),
	(2, 'App\\Models\\User', 36),
	(2, 'App\\Models\\User', 37),
	(4, 'App\\Models\\User', 37),
	(1, 'App\\Models\\User', 38),
	(1, 'App\\Models\\User', 39),
	(2, 'App\\Models\\User', 39),
	(1, 'App\\Models\\User', 40),
	(2, 'App\\Models\\User', 40),
	(2, 'App\\Models\\User', 41),
	(3, 'App\\Models\\User', 41),
	(1, 'App\\Models\\User', 42),
	(3, 'App\\Models\\User', 42),
	(2, 'App\\Models\\User', 43),
	(4, 'App\\Models\\User', 43),
	(1, 'App\\Models\\User', 44),
	(3, 'App\\Models\\User', 44),
	(1, 'App\\Models\\User', 45),
	(3, 'App\\Models\\User', 45),
	(1, 'App\\Models\\User', 46),
	(3, 'App\\Models\\User', 46),
	(2, 'App\\Models\\User', 47),
	(2, 'App\\Models\\User', 48),
	(2, 'App\\Models\\User', 49),
	(3, 'App\\Models\\User', 49),
	(2, 'App\\Models\\User', 50),
	(1, 'App\\Models\\User', 51),
	(3, 'App\\Models\\User', 51),
	(1, 'App\\Models\\User', 52),
	(1, 'App\\Models\\User', 53),
	(3, 'App\\Models\\User', 53),
	(1, 'App\\Models\\User', 54),
	(1, 'App\\Models\\User', 55),
	(1, 'App\\Models\\User', 56),
	(3, 'App\\Models\\User', 56),
	(2, 'App\\Models\\User', 57),
	(4, 'App\\Models\\User', 57),
	(1, 'App\\Models\\User', 58),
	(1, 'App\\Models\\User', 59),
	(2, 'App\\Models\\User', 60),
	(3, 'App\\Models\\User', 60),
	(2, 'App\\Models\\User', 61),
	(3, 'App\\Models\\User', 61),
	(1, 'App\\Models\\User', 62),
	(2, 'App\\Models\\User', 62),
	(1, 'App\\Models\\User', 63),
	(1, 'App\\Models\\User', 64),
	(2, 'App\\Models\\User', 64),
	(1, 'App\\Models\\User', 65),
	(3, 'App\\Models\\User', 65),
	(1, 'App\\Models\\User', 66),
	(4, 'App\\Models\\User', 66),
	(2, 'App\\Models\\User', 67),
	(3, 'App\\Models\\User', 67),
	(2, 'App\\Models\\User', 68),
	(1, 'App\\Models\\User', 69),
	(3, 'App\\Models\\User', 69),
	(2, 'App\\Models\\User', 70),
	(2, 'App\\Models\\User', 71),
	(1, 'App\\Models\\User', 72),
	(3, 'App\\Models\\User', 72),
	(2, 'App\\Models\\User', 73),
	(4, 'App\\Models\\User', 73),
	(2, 'App\\Models\\User', 74),
	(3, 'App\\Models\\User', 74),
	(1, 'App\\Models\\User', 75),
	(1, 'App\\Models\\User', 76),
	(2, 'App\\Models\\User', 76),
	(1, 'App\\Models\\User', 77),
	(2, 'App\\Models\\User', 77),
	(1, 'App\\Models\\User', 78),
	(1, 'App\\Models\\User', 79),
	(2, 'App\\Models\\User', 79),
	(2, 'App\\Models\\User', 80),
	(3, 'App\\Models\\User', 80),
	(2, 'App\\Models\\User', 81),
	(3, 'App\\Models\\User', 81),
	(1, 'App\\Models\\User', 82),
	(2, 'App\\Models\\User', 83),
	(1, 'App\\Models\\User', 84),
	(2, 'App\\Models\\User', 84),
	(1, 'App\\Models\\User', 85),
	(2, 'App\\Models\\User', 85),
	(1, 'App\\Models\\User', 86),
	(3, 'App\\Models\\User', 86),
	(1, 'App\\Models\\User', 87),
	(3, 'App\\Models\\User', 87),
	(2, 'App\\Models\\User', 88),
	(1, 'App\\Models\\User', 89),
	(4, 'App\\Models\\User', 89),
	(1, 'App\\Models\\User', 90),
	(3, 'App\\Models\\User', 90),
	(1, 'App\\Models\\User', 91),
	(2, 'App\\Models\\User', 92),
	(2, 'App\\Models\\User', 93),
	(2, 'App\\Models\\User', 94),
	(2, 'App\\Models\\User', 95),
	(4, 'App\\Models\\User', 95),
	(2, 'App\\Models\\User', 96),
	(1, 'App\\Models\\User', 97),
	(2, 'App\\Models\\User', 98),
	(1, 'App\\Models\\User', 99),
	(3, 'App\\Models\\User', 99),
	(1, 'App\\Models\\User', 100);
/*!40000 ALTER TABLE `model_has_roles` ENABLE KEYS */;

-- Listage de la structure de la table laravel10. movimientos
CREATE TABLE IF NOT EXISTS `movimientos` (
  `id` bigint(20) unsigned NOT NULL AUTO_INCREMENT,
  `cuenta` varchar(12) DEFAULT '5578733W020',
  `tipo` varchar(3) DEFAULT 'CCP',
  `dateMouvement` date DEFAULT NULL,
  `libelle` text NOT NULL,
  `montant` decimal(8,2) NOT NULL,
  `cliente_id` bigint(20) DEFAULT NULL,
  `releve` bigint(20) DEFAULT NULL,
  `dateReleve` date DEFAULT NULL,
  `deleted_at` timestamp NULL DEFAULT NULL,
  `created_at` timestamp NULL DEFAULT NULL,
  `updated_at` timestamp NULL DEFAULT NULL,
  PRIMARY KEY (`id`),
  KEY `movimientos_cuenta_datemouvement_index` (`cuenta`,`dateMouvement`)
) ENGINE=InnoDB AUTO_INCREMENT=263 DEFAULT CHARSET=utf8;

-- Listage des données de la table laravel10.movimientos : ~262 rows (environ)
/*!40000 ALTER TABLE `movimientos` DISABLE KEYS */;
INSERT INTO `movimientos` (`id`, `cuenta`, `tipo`, `dateMouvement`, `libelle`, `montant`, `cliente_id`, `releve`, `dateReleve`, `deleted_at`, `created_at`, `updated_at`) VALUES
	(1, '5578733W020', 'CCP', '2023-02-06', 'ACHAT CB HEMA ROSNY-2   05.02.23 EUR         17,00 CARTE NO  795  ', -17.00, 1700, NULL, NULL, NULL, '2023-02-08 19:17:24', '2023-02-08 19:18:02'),
	(2, '5578733W020', 'CCP', '2023-02-06', 'ACHAT CB DARTY 35       05.02.23 CARTE NUMERO                795  ', -15.99, 1700, NULL, NULL, NULL, '2023-02-08 19:17:24', '2023-02-08 19:18:02'),
	(3, '5578733W020', 'CCP', '2023-02-03', 'PRELEVEMENT DE Navigo Annuel - G COMUTITRES REF : 3/16595518-1/724115054 Navigo Annuel', -84.10, 1500, NULL, NULL, NULL, '2023-02-08 19:17:24', '2023-02-08 19:18:01'),
	(4, '5578733W020', 'CCP', '2023-02-02', 'ACHAT CB ORANGE VAD 73  01.02.23 CARTE NUMERO                795  ', -15.99, 1503, NULL, NULL, NULL, '2023-02-08 19:17:25', '2023-02-08 19:18:01'),
	(5, '5578733W020', 'CCP', '2023-02-02', 'VIREMENT DE URSSAF RHONE ALPES C SALAIRE RBB-CESUVISA423202301311202228 VIREMENT SALAIRE CESU  MME REIGN', 234.00, 1, 180, NULL, NULL, '2023-02-08 19:17:25', '2023-02-08 19:18:01'),
	(6, '5578733W020', 'CCP', '2023-02-01', 'VIREMENT PERMANENT POUR CRUCELISA ARISTIZABAL SA COMPTE FR0630002004360000021464Q REFERENCE : 0226032300201703', -485.00, 69, NULL, NULL, NULL, '2023-02-08 19:17:25', '2023-02-08 19:18:01'),
	(7, '5578733W020', 'CCP', '2023-01-30', 'ACHAT CB Google YouTube 28.01.23 EUR         11,99 CARTE NO  795  ', -11.99, 1502, NULL, NULL, NULL, '2023-02-08 19:17:25', '2023-02-08 19:18:01'),
	(8, '5578733W020', 'CCP', '2023-01-30', 'VIREMENT DE DIOURON MATTHIEU OU salaire janvier REFERENCE : 0190027300155001 ', 224.00, 2, NULL, NULL, NULL, '2023-02-08 19:17:25', '2023-02-08 19:18:01'),
	(9, '5578733W020', 'CCP', '2023-01-23', 'ACHAT CB RATP           21.01.23 CARTE NUMERO                795  ', -19.10, 1700, 1, '2023-01-24', NULL, '2023-02-08 19:17:25', '2023-02-08 19:18:02'),
	(10, '5578733W020', 'CCP', '2023-01-23', 'ACHAT CB CARREFOUR CITY 21.01.23 CARTE NUMERO                795  ', -15.94, 1700, 1, '2023-01-24', NULL, '2023-02-08 19:17:25', '2023-02-08 19:18:02'),
	(11, '5578733W020', 'CCP', '2023-01-18', 'PRELEVEMENT DE Orange SA REF : 1B987E235 B987E2353A174E Votre abonnement fibre (facture: XXX2353A1)', -65.54, 1503, 1, '2023-01-24', NULL, '2023-02-08 19:17:25', '2023-02-08 19:18:01'),
	(12, '5578733W020', 'CCP', '2023-01-13', 'ACHAT CB Samsung France 12.01.23 CARTE NUMERO                795  ', -12.99, 1504, 1, '2023-01-24', NULL, '2023-02-08 19:17:25', '2023-02-08 19:18:01'),
	(13, '5578733W020', 'CCP', '2023-01-10', 'ACHAT CB BOULANGERIE TE 09.01.23 CARTE NUMERO                795  ', -5.60, 1700, 1, '2023-01-24', NULL, '2023-02-08 19:17:25', '2023-02-08 19:18:02'),
	(14, '5578733W020', 'CCP', '2023-01-10', 'VIREMENT DE URSSAF RHONE ALPES C SALAIRE RBB-CESUVISA42320230108120502 VIREMENT SALAIRE CESU  MME REIGN', 260.00, 1, 312, '2023-01-24', NULL, '2023-02-08 19:17:25', '2023-02-08 19:18:01'),
	(15, '5578733W020', 'CCP', '2022-01-17', 'PRELEVEMENT DE DIRECTION GENERAL ES FINANCES PUBL REF : 1E087000075033M2750025177 750331723829641268 111', -13.00, 1601, NULL, NULL, NULL, '2023-02-08 19:17:26', '2023-02-08 19:18:01'),
	(16, '5578733W020', 'CCP', '2022-01-17', 'VIREMENT DE MR OU MME PUVIS DE C ANNES EMM VIREMENT VERS RAFAEL MUNOZ VIREMENT DE MR OU MME PUVIS DE C', 906.00, 9, NULL, NULL, NULL, '2023-02-08 19:17:26', '2023-02-08 19:18:01'),
	(17, '5578733W020', 'CCP', '2022-01-06', 'VIREMENT POUR CRUCELISA ARISTIZABAL SA COMPTE FR0630002004360000021464Q LOUE JANVIER', -470.00, 69, NULL, NULL, NULL, '2023-02-08 19:17:26', '2023-02-08 19:18:01'),
	(18, '5578733W020', 'CCP', '2022-01-06', 'VIREMENT DE URSSAF RA CC CESU SA RES RBB-CESUVISA423202201051201895 VIREMENT SALAIRE CESU+ MME REIGN', 150.00, 1, NULL, NULL, NULL, '2023-02-08 19:17:26', '2023-02-08 19:18:01'),
	(19, '5578733W020', 'CCP', '2022-01-06', 'VIREMENT DE MR MUNOZ ALBUERNO RA REFERENCE : 0181006210010380  ', 300.00, 1602, NULL, NULL, NULL, '2023-02-08 19:17:26', '2023-02-08 19:18:01'),
	(20, '5578733W020', 'CCP', '2022-01-04', 'COTISATION TRIMESTRIELLE DE VOTRE FORMULE DE COMPTE  ', -44.40, 1600, NULL, NULL, NULL, '2023-02-08 19:17:26', '2023-02-08 19:18:01'),
	(21, '5578733W020', 'CCP', '2022-01-03', 'PRELEVEMENT DE Navigo Annuel - G COMUTITRES REF : 3/16595518-1/653925365 Navigo Annuel', -75.20, 1500, NULL, NULL, NULL, '2023-02-08 19:17:26', '2023-02-08 19:18:01'),
	(22, '5578733W020', 'CCP', '2022-01-03', 'PRELEVEMENT DE SFR REF : 001198873106 99-194U0J-01 SFR mobile Prlvt SEPA 99-194U0J- 001198873106', -20.00, NULL, NULL, NULL, NULL, '2023-02-08 19:17:26', NULL),
	(23, '5578733W020', 'CCP', '2022-01-03', 'VIREMENT DE DIOURON MATTHIEU OU Virement depuis Ma Banque REFERENCE : 0190003200031001 ', 224.00, 2, NULL, NULL, NULL, '2023-02-08 19:17:26', '2023-02-08 19:18:01'),
	(24, '5578733W020', 'CCP', '2021-12-20', 'VIREMENT DE URSSAF RA CC CESU SA RES RBB-CESUVISA42320211217120128 VIREMENT SALAIRE CESU+ MME REIGN', 150.00, 1, NULL, NULL, NULL, '2023-02-08 19:17:27', '2023-02-08 19:18:01'),
	(25, '5578733W020', 'CCP', '2021-12-20', 'VIREMENT DE U R S S A F RA CESU PICP-20211215230953-000000029689 INDEMNITE INFLATION CESU REFERENCE : 0190354100055001', 100.00, NULL, NULL, NULL, NULL, '2023-02-08 19:17:27', NULL),
	(26, '5578733W020', 'CCP', '2021-12-14', 'VIREMENT DE CPAM 75 PRESTATIONS 213470004492 213470004492213470004492 REFERENCE : 0189348100000400', 19.58, NULL, NULL, NULL, NULL, '2023-02-08 19:17:27', NULL),
	(27, '5578733W020', 'CCP', '2021-12-03', 'PRELEVEMENT DE Navigo Annuel - G COMUTITRES REF : 3/16595518-1/649315050 Navigo Annuel', -75.20, 1500, NULL, NULL, NULL, '2023-02-08 19:17:27', '2023-02-08 19:18:01'),
	(28, '5578733W020', 'CCP', '2021-12-03', 'PRELEVEMENT DE SFR REF : 001478461096 99-194U0J-01 SFR mobile Prlvt SEPA 99-194U0J- 001478461096', -20.00, NULL, NULL, NULL, NULL, '2023-02-08 19:17:27', NULL),
	(29, '5578733W020', 'CCP', '2021-12-02', 'VIREMENT POUR CRUCELISA ARISTIZABAL SA COMPTE FR0630002004360000021464Q LOUE DECEMBRE', -470.00, 69, NULL, NULL, NULL, '2023-02-08 19:17:27', '2023-02-08 19:18:01'),
	(30, '5578733W020', 'CCP', '2021-11-30', 'VIREMENT DE DIOURON MATTHIEU OU Virement depuis Ma Banque REFERENCE : 0190334100008001 ', 224.00, 2, NULL, NULL, NULL, '2023-02-08 19:17:28', '2023-02-08 19:18:01'),
	(31, '5578733W020', 'CCP', '2021-11-15', 'PRELEVEMENT DE DIRECTION GENERAL ES FINANCES PUBL REF : 1E087000075033M2750025177 750331723829641268 111', -8.00, 1601, NULL, NULL, NULL, '2023-02-08 19:17:28', '2023-02-08 19:18:01'),
	(32, '5578733W020', 'CCP', '2021-11-08', 'VIREMENT POUR CRUCELISA ARISTIZABAL SA COMPTE FR0630002004360000021464Q LOUE NOVEMBRE', -470.00, 69, NULL, NULL, NULL, '2023-02-08 19:17:28', '2023-02-08 19:18:01'),
	(33, '5578733W020', 'CCP', '2021-11-03', 'PRELEVEMENT DE Navigo Annuel - G COMUTITRES REF : 3/16595518-1/642925023 Navigo Annuel', -75.20, 1500, NULL, NULL, NULL, '2023-02-08 19:17:28', '2023-02-08 19:18:01'),
	(34, '5578733W020', 'CCP', '2021-11-03', 'PRELEVEMENT DE SFR REF : 001558003863 99-194U0J-01 SFR mobile Prlvt SEPA 99-194U0J- 001558003863', -20.00, NULL, NULL, NULL, NULL, '2023-02-08 19:17:28', NULL),
	(35, '5578733W020', 'CCP', '2021-11-03', 'VIREMENT DE DIOURON MATTHIEU OU Virement depuis Ma Banque REFERENCE : 0190307100004001 ', 224.00, 2, NULL, NULL, NULL, '2023-02-08 19:17:28', '2023-02-08 19:18:01'),
	(36, '5578733W020', 'CCP', '2022-01-31', 'VIREMENT POUR CRUCELISA ARISTIZABAL SA COMPTE FR0630002004360000021464Q LOUE FEVRIER', -470.00, 69, NULL, NULL, NULL, '2023-02-08 19:17:28', '2023-02-08 19:18:01'),
	(37, '5578733W020', 'CCP', '2022-01-28', 'VIREMENT DE DIOURON MATTHIEU OU Virement depuis Ma Banque REFERENCE : 0190028200101001 ', 224.00, 2, NULL, NULL, NULL, '2023-02-08 19:17:28', '2023-02-08 19:18:01'),
	(38, '5578733W020', 'CCP', '2022-01-18', 'VIREMENT POUR MR MUNOZ ALBUERNO RAFAEL COMPTE 10011000201204101354V76 REFERENCE : 0155018271251321', -505.86, 1602, NULL, NULL, NULL, '2023-02-08 19:17:28', '2023-02-08 19:18:01'),
	(39, '5578733W020', 'CCP', '2023-01-06', 'VIREMENT DE REGINA YORCKA MARGAR MU OZ ARA Pasajes flixbus REFERENCE : 0189006300000900', 90.00, 70, 1, '2023-01-24', NULL, '2023-02-08 19:17:28', '2023-02-08 19:18:01'),
	(40, '5578733W020', 'CCP', '2023-01-04', 'ACHAT CB PARIS ROULETTE 03.01.23 CARTE NUMERO                795  ', -17.04, 1700, 1, '2023-01-24', NULL, '2023-02-08 19:17:28', '2023-02-08 19:18:02'),
	(41, '5578733W020', 'CCP', '2023-01-03', 'PRELEVEMENT DE Navigo Annuel - G COMUTITRES REF : 3/16595518-1/718709245 Navigo Annuel', -84.10, 1500, 1, '2023-01-24', NULL, '2023-02-08 19:17:29', '2023-02-08 19:18:01'),
	(42, '5578733W020', 'CCP', '2023-01-03', 'COTISATION TRIMESTRIELLE DE VOTRE FORMULE DE COMPTE  ', -44.40, 1600, 1, '2023-01-24', NULL, '2023-02-08 19:17:29', '2023-02-08 19:18:01'),
	(43, '5578733W020', 'CCP', '2023-01-02', 'VIREMENT PERMANENT POUR CRUCELISA ARISTIZABAL SA COMPTE FR0630002004360000021464Q REFERENCE : 0226002300406875', -485.00, 69, 1, '2023-01-24', NULL, '2023-02-08 19:17:29', '2023-02-08 19:18:01'),
	(44, '5578733W020', 'CCP', '2023-01-02', 'ACHAT CB ORANGE VAD 73  31.12.22 CARTE NUMERO                795  ', -16.35, 1503, 1, '2023-01-24', NULL, '2023-02-08 19:17:29', '2023-02-08 19:18:01'),
	(45, '5578733W020', 'CCP', '2022-12-29', 'VIREMENT DE DIOURON MATTHIEU OU REFERENCE : 0190363200018001  ', 224.00, 2, 1, '2023-01-24', NULL, '2023-02-08 19:17:29', '2023-02-08 19:18:01'),
	(46, '5578733W020', 'CCP', '2022-12-28', 'ACHAT CB Google YouTube 28.12.22 EUR         11,99 CARTE NO  795  ', -11.99, 1502, 1, '2023-01-24', NULL, '2023-02-08 19:17:29', '2023-02-08 19:18:01'),
	(47, '5578733W020', 'CCP', '2022-12-26', 'VIREMENT DE M RAFAEL MUNOZ ALBUE ALQUILER REFERENCE : 0181360250008477 ', 300.00, 1602, 1, '2023-01-24', NULL, '2023-02-08 19:17:29', NULL),
	(48, '5578733W020', 'CCP', '2022-12-16', 'ACHAT CB AMAZON PAYMENT 14.12.22 CARTE NUMERO                795  ', -62.74, 1700, NULL, NULL, NULL, '2023-02-08 19:17:29', '2023-02-08 19:18:02'),
	(49, '5578733W020', 'CCP', '2022-12-13', 'ACHAT CB DRS FONDS CPF  12.12.22 CARTE NUMERO                795  ', -375.10, 1700, NULL, NULL, NULL, '2023-02-08 19:17:30', '2023-02-08 19:18:02'),
	(50, '5578733W020', 'CCP', '2022-12-13', 'ACHAT CB Samsung France 12.12.22 CARTE NUMERO                795  ', -12.99, 1504, NULL, NULL, NULL, '2023-02-08 19:17:30', '2023-02-08 19:18:01'),
	(51, '5578733W020', 'CCP', '2022-12-12', 'ACHAT CB E Courriers    07.12.22 CARTE NUMERO                795  ', -8.98, 1700, NULL, NULL, NULL, '2023-02-08 19:17:30', '2023-02-08 19:18:02'),
	(52, '5578733W020', 'CCP', '2022-12-12', 'VIREMENT DE M RAFAEL MUNOZ ALBUE AS FORMATION REFERENCE : 0181346280006468 ', 400.00, NULL, NULL, NULL, NULL, '2023-02-08 19:17:30', NULL),
	(53, '5578733W020', 'CCP', '2022-12-09', 'ACHAT CB AMAZON PAYMENT 05.12.22 CARTE NUMERO                795  ', -84.35, 1700, NULL, NULL, NULL, '2023-02-08 19:17:30', '2023-02-08 19:18:02'),
	(54, '5578733W020', 'CCP', '2022-12-07', 'ACHAT CB RIA PARMENTIER 06.12.22 CARTE NUMERO                795  ', -200.00, 1700, NULL, NULL, NULL, '2023-02-08 19:17:30', '2023-02-08 19:18:02'),
	(55, '5578733W020', 'CCP', '2022-12-06', 'VIREMENT DE URSSAF RHONE ALPES C SALAIRE RBB-CESUVISA423202212041202243 VIREMENT SALAIRE CESU  MME REIGN', 156.00, 1, 260, NULL, NULL, '2023-02-08 19:17:30', '2023-02-08 19:18:01'),
	(56, '5578733W020', 'CCP', '2022-12-05', 'PRELEVEMENT DE Navigo Annuel - G COMUTITRES REF : 3/16595518-1/710643311 Navigo Annuel', -75.20, 1500, NULL, NULL, NULL, '2023-02-08 19:17:30', '2023-02-08 19:18:01'),
	(57, '5578733W020', 'CCP', '2022-12-05', 'ACHAT CB PARFOIS        04.12.22 CARTE NUMERO                795  ', -30.09, 1700, NULL, NULL, NULL, '2023-02-08 19:17:30', '2023-02-08 19:18:02'),
	(58, '5578733W020', 'CCP', '2022-12-05', 'ACHAT CB AMAZON PAYMENT 02.12.22 CARTE NUMERO                795  ', -25.99, 1700, NULL, NULL, NULL, '2023-02-08 19:17:30', '2023-02-08 19:18:02'),
	(59, '5578733W020', 'CCP', '2022-12-05', 'ACHAT CB ORANGE VAD 73  02.12.22 CARTE NUMERO                795  ', -15.99, 1503, NULL, NULL, NULL, '2023-02-08 19:17:31', '2023-02-08 19:18:01'),
	(60, '5578733W020', 'CCP', '2022-12-01', 'VIREMENT PERMANENT POUR CRUCELISA ARISTIZABAL SA COMPTE FR0630002004360000021464Q REFERENCE : 0226335200211741', -485.00, 69, NULL, NULL, NULL, '2023-02-08 19:17:31', '2023-02-08 19:18:01'),
	(61, '5578733W020', 'CCP', '2022-11-30', 'ACHAT CB CELIO          29.11.22 EUR         47,99 CARTE NO  795  ', -47.99, 1700, NULL, NULL, NULL, '2023-02-08 19:17:31', '2023-02-08 19:18:02'),
	(62, '5578733W020', 'CCP', '2022-11-29', 'ACHAT CB AMAZON PAYMENT 27.11.22 CARTE NUMERO                795  ', -52.88, 1700, NULL, NULL, NULL, '2023-02-08 19:17:31', '2023-02-08 19:18:02'),
	(63, '5578733W020', 'CCP', '2022-11-29', 'ACHAT CB AMAZON EU SARL 26.11.22 CARTE NUMERO                795  ', -37.24, 1700, NULL, NULL, NULL, '2023-02-08 19:17:31', '2023-02-08 19:18:02'),
	(64, '5578733W020', 'CCP', '2022-11-29', 'ACHAT CB Google YouTube 27.11.22 CARTE NUMERO                795  ', -11.99, 1502, NULL, NULL, NULL, '2023-02-08 19:17:31', '2023-02-08 19:18:01'),
	(65, '5578733W020', 'CCP', '2022-11-29', 'VIREMENT DE DIOURON MATTHIEU OU REFERENCE : 0190333200049001  ', 224.00, 2, NULL, NULL, NULL, '2023-02-08 19:17:32', '2023-02-08 19:18:01'),
	(66, '5578733W020', 'CCP', '2022-11-28', 'ACHAT CB Fossil Paris C 27.11.22 EUR         94,60 CARTE NO  795  ', -94.60, 1700, NULL, NULL, NULL, '2023-02-08 19:17:32', '2023-02-08 19:18:02'),
	(67, '5578733W020', 'CCP', '2022-11-28', 'ACHAT CB LunettesPourTo 25.11.22 CARTE NUMERO                795  ', -45.00, 1700, NULL, NULL, NULL, '2023-02-08 19:17:32', '2023-02-08 19:18:02'),
	(68, '5578733W020', 'CCP', '2022-11-28', 'CREDIT CARTE BANCAIRE ADEO LEROY MERL 26.11.22 CARTE NUMERO                795 ', 145.00, NULL, NULL, NULL, NULL, '2023-02-08 19:17:32', NULL),
	(69, '5578733W020', 'CCP', '2022-11-24', 'ACHAT CB BOULANGERIE TE 23.11.22 CARTE NUMERO                795  ', -5.60, 1700, NULL, NULL, NULL, '2023-02-08 19:17:32', '2023-02-08 19:18:02'),
	(70, '5578733W020', 'CCP', '2022-11-23', 'ACHAT CB FRANPRIX       22.11.22 CARTE NUMERO                795  ', -50.00, 1700, NULL, NULL, NULL, '2023-02-08 19:17:32', '2023-02-08 19:18:02'),
	(71, '5578733W020', 'CCP', '2022-11-23', 'ACHAT CB DYM            22.11.22 CARTE NUMERO                795  ', -1.50, 1700, NULL, NULL, NULL, '2023-02-08 19:17:32', '2023-02-08 19:18:02'),
	(72, '5578733W020', 'CCP', '2022-11-22', 'ACHAT CB LES SAVEURS DE 21.11.22 CARTE NUMERO                795  ', -4.00, 1700, NULL, NULL, NULL, '2023-02-08 19:17:32', '2023-02-08 19:18:02'),
	(73, '5578733W020', 'CCP', '2022-11-21', 'ACHAT CB AUCHAN SUPERMA 19.11.22 CARTE NUMERO                795  ', -11.59, 1700, NULL, NULL, NULL, '2023-02-08 19:17:32', '2023-02-08 19:18:02'),
	(74, '5578733W020', 'CCP', '2022-11-17', 'ACHAT CB AMAZON PAYMENT 15.11.22 CARTE NUMERO                795  ', -28.99, 1700, NULL, NULL, NULL, '2023-02-08 19:17:32', '2023-02-08 19:18:02'),
	(75, '5578733W020', 'CCP', '2022-11-16', 'CREDIT CARTE BANCAIRE AMAZON EU SARL  15.11.22 CARTE NUMERO                795 ', 1023.68, 1701, NULL, NULL, NULL, '2023-02-08 19:17:32', '2023-02-08 19:18:02'),
	(76, '5578733W020', 'CCP', '2022-11-16', 'CREDIT CARTE BANCAIRE AMAZON EU SARL  15.11.22 CARTE NUMERO                795 ', 1.99, 1701, NULL, NULL, NULL, '2023-02-08 19:17:33', '2023-02-08 19:18:02'),
	(77, '5578733W020', 'CCP', '2022-11-15', 'ACHAT CB BOULANGERIE TE 14.11.22 CARTE NUMERO                795  ', -5.60, 1700, NULL, NULL, NULL, '2023-02-08 19:17:33', '2023-02-08 19:18:02'),
	(78, '5578733W020', 'CCP', '2022-11-15', 'ACHAT CB ALDI MARCHE 21 14.11.22 CARTE NUMERO                795  ', -3.98, 1700, NULL, NULL, NULL, '2023-02-08 19:17:33', '2023-02-08 19:18:02'),
	(79, '5578733W020', 'CCP', '2022-11-14', 'ACHAT CB Samsung France 12.11.22 CARTE NUMERO                795  ', -12.99, 1504, NULL, NULL, NULL, '2023-02-08 19:17:33', '2023-02-08 19:18:01'),
	(80, '5578733W020', 'CCP', '2022-11-14', 'ACHAT CB FRANPRIX       12.11.22 CARTE NUMERO                795  ', -10.50, 1700, NULL, NULL, NULL, '2023-02-08 19:17:33', '2023-02-08 19:18:02'),
	(81, '5578733W020', 'CCP', '2022-11-14', 'VIREMENT DE Leboncoin TX25344365400XT TX25344365400XT Leboncoin LeBonC Vac payout', 20.00, NULL, NULL, NULL, NULL, '2023-02-08 19:17:33', NULL),
	(82, '5578733W020', 'CCP', '2022-11-10', 'ACHAT CB CDISCOUNT      09.11.22 CARTE NUMERO                795  ', -125.47, 1700, NULL, NULL, NULL, '2023-02-08 19:17:33', '2023-02-08 19:18:02'),
	(83, '5578733W020', 'CCP', '2022-11-09', 'VIREMENT DE SALAIRES RBB-CESUVISA423202211071201320 VIREMENT SALAIRE CESU  MME REIGN SYLVIE', 260.00, 1, 260, NULL, NULL, '2023-02-08 19:17:33', '2023-02-08 19:18:01'),
	(84, '5578733W020', 'CCP', '2022-11-08', 'ACHAT CB CASTORAMA      07.11.22 CARTE NUMERO                795  ', -18.90, 1700, NULL, NULL, NULL, '2023-02-08 19:17:34', '2023-02-08 19:18:02'),
	(85, '5578733W020', 'CCP', '2022-11-07', 'ACHAT CB ALDI MARCHE 04 04.11.22 CARTE NUMERO                795  ', -68.02, 1700, NULL, NULL, NULL, '2023-02-08 19:17:34', '2023-02-08 19:18:02'),
	(86, '5578733W020', 'CCP', '2022-11-04', 'ACHAT CB FRANPRIX       03.11.22 CARTE NUMERO                795  ', -19.99, 1700, NULL, NULL, NULL, '2023-02-08 19:17:34', '2023-02-08 19:18:02'),
	(87, '5578733W020', 'CCP', '2022-11-03', 'PRELEVEMENT DE Navigo Annuel - G COMUTITRES REF : 3/16595518-1/704647033 Navigo Annuel', -75.20, 1500, NULL, NULL, NULL, '2023-02-08 19:17:34', '2023-02-08 19:18:01'),
	(88, '5578733W020', 'CCP', '2022-11-03', 'ACHAT CB LIGHTINTHEBOXE 02.11.22 EUR         13,01 CARTE NO  795  ', -13.01, 1700, NULL, NULL, NULL, '2023-02-08 19:17:34', '2023-02-08 19:18:02'),
	(89, '5578733W020', 'CCP', '2022-11-02', 'VIREMENT PERMANENT POUR CRUCELISA ARISTIZABAL SA COMPTE FR0630002004360000021464Q REFERENCE : 0226306200281603', -485.00, 69, NULL, NULL, NULL, '2023-02-08 19:17:34', '2023-02-08 19:18:01'),
	(90, '5578733W020', 'CCP', '2022-11-02', 'ACHAT CB AMAZON EU SARL 28.10.22 CARTE NUMERO                795  ', -1023.68, 1700, NULL, NULL, NULL, '2023-02-08 19:17:34', '2023-02-08 19:18:02'),
	(91, '5578733W020', 'CCP', '2022-11-02', 'ACHAT CB ORANGE VAD 73  01.11.22 CARTE NUMERO                795  ', -15.99, 1503, NULL, NULL, NULL, '2023-02-08 19:17:34', '2023-02-08 19:18:01'),
	(92, '5578733W020', 'CCP', '2022-11-02', 'VIREMENT DE DIOURON MATTHIEU OU REFERENCE : 0190304200116001  ', 224.00, 2, NULL, NULL, NULL, '2023-02-08 19:17:34', '2023-02-08 19:18:01'),
	(93, '5578733W020', 'CCP', '2022-10-28', 'ACHAT CB Google YouTube 28.10.22 EUR         11,99 CARTE NO  795  ', -11.99, 1502, NULL, NULL, NULL, '2023-02-08 19:17:34', '2023-02-08 19:18:01'),
	(94, '5578733W020', 'CCP', '2022-10-28', 'VIREMENT DE M RAFAEL MUNOZ ALBUE TROTTINETTE JHAAN ESTEBAN REFERENCE : 0181301290027726 ', 1000.00, NULL, NULL, NULL, NULL, '2023-02-08 19:17:35', NULL),
	(95, '5578733W020', 'CCP', '2022-10-26', 'VIREMENT DE LESNE BHARRAT SA ZZ1CUY7J40MHA4JCU Menage REFERENCE : 0190298200148001', 30.00, NULL, NULL, NULL, NULL, '2023-02-08 19:17:35', NULL),
	(96, '5578733W020', 'CCP', '2022-10-24', 'ACHAT CB LIGHTINTHEBOXE 21.10.22 CARTE NUMERO                795  ', -83.05, 1700, NULL, NULL, NULL, '2023-02-08 19:17:35', '2023-02-08 19:18:02'),
	(97, '5578733W020', 'CCP', '2022-10-18', 'VIREMENT DE URSSAF RA CC CESU SA RES RBB-CESUVISA42320221016120103 VIREMENT SALAIRE CESU+ MME REIGN', 325.00, 1, 260, NULL, NULL, '2023-02-08 19:17:35', '2023-02-08 19:18:01'),
	(98, '5578733W020', 'CCP', '2022-10-17', 'ACHAT CB Nespresso      16.10.22 CARTE NUMERO                795  ', -9.00, 1700, NULL, NULL, NULL, '2023-02-08 19:17:35', '2023-02-08 19:18:02'),
	(99, '5578733W020', 'CCP', '2022-10-17', 'CREDIT CARTE BANCAIRE Free Mobile     15.10.22 CARTE NUMERO                795 ', 3.86, NULL, NULL, NULL, NULL, '2023-02-08 19:17:35', NULL),
	(100, '5578733W020', 'CCP', '2022-10-13', 'ACHAT CB Samsung France 12.10.22 CARTE NUMERO                795  ', -12.99, 1504, NULL, NULL, NULL, '2023-02-08 19:17:35', '2023-02-08 19:18:01'),
	(101, '5578733W020', 'CCP', '2022-10-10', 'ACHAT CB ORANGE VAD 73  08.10.22 CARTE NUMERO                795  ', -15.99, 1503, NULL, NULL, NULL, '2023-02-08 19:17:35', '2023-02-08 19:18:01'),
	(102, '5578733W020', 'CCP', '2022-10-10', 'VIREMENT DE AC2 PRODUCTION FACTURE 0551 FACTURE 0551 REFERENCE : 0190283200057001', 151.74, 22, NULL, NULL, NULL, '2023-02-08 19:17:35', '2023-02-08 19:18:01'),
	(103, '5578733W020', 'CCP', '2022-10-05', 'REMISE COMMERCIALE D AGIOS', 1.50, NULL, NULL, NULL, NULL, '2023-02-08 19:17:36', NULL),
	(104, '5578733W020', 'CCP', '2022-10-05', 'MINIMUM FORFAITAIRE TRIMESTRIEL D UTILISATION DU DECOUVERT  ', -1.50, 1603, NULL, NULL, NULL, '2023-02-08 19:17:36', '2023-02-08 19:18:02'),
	(105, '5578733W020', 'CCP', '2022-10-04', 'ACHAT CB BOULANGERIE TE 03.10.22 CARTE NUMERO                795  ', -5.60, 1700, NULL, NULL, NULL, '2023-02-08 19:17:36', '2023-02-08 19:18:02'),
	(106, '5578733W020', 'CCP', '2022-10-04', 'COTISATION TRIMESTRIELLE DE VOTRE FORMULE DE COMPTE  ', -44.40, 1600, NULL, NULL, NULL, '2023-02-08 19:17:36', '2023-02-08 19:18:01'),
	(107, '5578733W020', 'CCP', '2022-10-03', 'VIREMENT PERMANENT POUR CRUCELISA ARISTIZABAL SA COMPTE FR0630002004360000021464Q REFERENCE : 0226276200359452', -485.00, 69, NULL, NULL, NULL, '2023-02-08 19:17:36', '2023-02-08 19:18:01'),
	(108, '5578733W020', 'CCP', '2022-10-03', 'PRELEVEMENT DE Navigo Annuel - G COMUTITRES REF : 3/16595518-1/696945997 Navigo Annuel', -75.20, 1500, NULL, NULL, NULL, '2023-02-08 19:17:36', '2023-02-08 19:18:01'),
	(109, '5578733W020', 'CCP', '2022-09-29', 'ACHAT CB Google YouTube 27.09.22 CARTE NUMERO                795  ', -11.99, 1502, NULL, NULL, NULL, '2023-02-08 19:17:36', '2023-02-08 19:18:01'),
	(110, '5578733W020', 'CCP', '2022-09-28', 'ACHAT CB AMAZON PAYMENT 26.09.22 CARTE NUMERO                795  ', -33.99, 1700, NULL, NULL, NULL, '2023-02-08 19:17:37', '2023-02-08 19:18:02'),
	(111, '5578733W020', 'CCP', '2022-09-28', 'ACHAT CB AMAZON PAYMENT 26.09.22 CARTE NUMERO                795  ', -16.99, 1700, NULL, NULL, NULL, '2023-02-08 19:17:37', '2023-02-08 19:18:02'),
	(112, '5578733W020', 'CCP', '2022-09-27', 'ACHAT CB CDISCOUNT      26.09.22 CARTE NUMERO                795  ', -19.99, 1700, NULL, NULL, NULL, '2023-02-08 19:17:37', '2023-02-08 19:18:02'),
	(113, '5578733W020', 'CCP', '2022-09-26', 'VIREMENT DE DIOURON MATTHIEU OU REFERENCE : 0190269200066001  ', 228.00, 2, NULL, NULL, NULL, '2023-02-08 19:17:37', '2023-02-08 19:18:01'),
	(114, '5578733W020', 'CCP', '2022-09-23', 'VIREMENT POUR MR MUNOZ ALBUERNO RAFAEL COMPTE 10011000201204101354V76 REFERENCE : 0155266232638705', -2500.00, 1602, NULL, NULL, NULL, '2023-02-08 19:17:37', '2023-02-08 19:18:01'),
	(115, '5578733W020', 'CCP', '2022-09-22', 'ACHAT CB BOUTIQUE SOSH  17.09.22 CARTE NUMERO                795  ', -10.00, 1505, NULL, NULL, NULL, '2023-02-08 19:17:37', '2023-02-08 19:18:01'),
	(116, '5578733W020', 'CCP', '2022-09-20', 'ACHAT CB BOULANGERIE TE 19.09.22 CARTE NUMERO                795  ', -5.60, 1700, NULL, NULL, NULL, '2023-02-08 19:17:37', '2023-02-08 19:18:02'),
	(117, '5578733W020', 'CCP', '2022-09-20', 'VIREMENT DE MR OU MME PUVIS DE C ANNES EMM VIREMENT VERS RAFAEL MUNOZ VIREMENT DE MR OU MME PUVIS DE C', 1992.00, 9, NULL, NULL, NULL, '2023-02-08 19:17:37', '2023-02-08 19:18:01'),
	(118, '5578733W020', 'CCP', '2022-09-14', 'ACHAT CB Free Mobile    13.09.22 CARTE NUMERO                795  ', -20.42, 1700, NULL, NULL, NULL, '2023-02-08 19:17:37', '2023-02-08 19:18:02'),
	(119, '5578733W020', 'CCP', '2022-09-13', 'ACHAT CB Samsung France 12.09.22 CARTE NUMERO                795  ', -12.99, 1504, NULL, NULL, NULL, '2023-02-08 19:17:37', '2023-02-08 19:18:01'),
	(120, '5578733W020', 'CCP', '2022-09-12', 'ACHAT CB RESID FALAISE  10.09.22 CARTE NUMERO                795  ', -185.60, 1700, NULL, NULL, NULL, '2023-02-08 19:17:37', '2023-02-08 19:18:02'),
	(121, '5578733W020', 'CCP', '2022-09-12', 'ACHAT CB AMAZON EU SARL 10.09.22 CARTE NUMERO                795  ', -30.52, 1700, NULL, NULL, NULL, '2023-02-08 19:17:37', '2023-02-08 19:18:02'),
	(122, '5578733W020', 'CCP', '2022-09-09', 'ACHAT CB AMAZON PAYMENT 08.09.22 CARTE NUMERO                795  ', -35.98, 1700, NULL, NULL, NULL, '2023-02-08 19:17:38', '2023-02-08 19:18:02'),
	(123, '5578733W020', 'CCP', '2022-09-08', 'VIREMENT DE AC2 PRODUCTION FACTURE INV 0530 FACTURE INV 0530 REFERENCE : 0190250200169001', 1029.23, 22, NULL, NULL, NULL, '2023-02-08 19:17:38', '2023-02-08 19:18:01'),
	(124, '5578733W020', 'CCP', '2022-09-07', 'ACHAT CB AMAZON PAYMENT 05.09.22 CARTE NUMERO                795  ', -82.98, 1700, NULL, NULL, NULL, '2023-02-08 19:17:38', '2023-02-08 19:18:02'),
	(125, '5578733W020', 'CCP', '2022-09-07', 'ACHAT CB LUNESOURI.FR   05.09.22 EUR         23,97 CARTE NO  795  ', -23.97, 1700, NULL, NULL, NULL, '2023-02-08 19:17:38', '2023-02-08 19:18:02'),
	(126, '5578733W020', 'CCP', '2022-09-07', 'VIREMENT DE URSSAF RA CC CESU SA RES RBB-CESUVISA423202209051201827 VIREMENT SALAIRE CESU+ MME REIGN', 125.00, 1, 300, NULL, NULL, '2023-02-08 19:17:38', '2023-02-08 19:18:01'),
	(127, '5578733W020', 'CCP', '2022-09-06', 'VIREMENT DE DGFIP FINANCES PUBLI S 1E0870000M275002517793 REMB. EXC MENSUALISE         111', 104.00, NULL, NULL, NULL, NULL, '2023-02-08 19:17:38', NULL),
	(128, '5578733W020', 'CCP', '2022-09-05', 'PRELEVEMENT DE Navigo Annuel - G COMUTITRES REF : 3/16595518-1/689556139 Navigo Annuel', -75.20, 1500, NULL, NULL, NULL, '2023-02-08 19:17:38', '2023-02-08 19:18:01'),
	(129, '5578733W020', 'CCP', '2022-09-05', 'VIREMENT DE REGINA YORCKA MARGAR MU OZ ARA Pasajes flixbus REFERENCE : 0189248200002300', 100.00, 70, NULL, NULL, NULL, '2023-02-08 19:17:38', '2023-02-08 19:18:01'),
	(130, '5578733W020', 'CCP', '2022-09-05', 'VIREMENT DE M RAFAEL MUNOZ ALBUE PAGES MENSUALES REFERENCE : 0181246270012224 ', 300.00, NULL, NULL, NULL, NULL, '2023-02-08 19:17:39', NULL),
	(131, '5578733W020', 'CCP', '2022-09-01', 'VIREMENT PERMANENT POUR CRUCELISA ARISTIZABAL SA COMPTE FR0630002004360000021464Q REFERENCE : 0226244200229400', -485.00, 69, NULL, NULL, NULL, '2023-02-08 19:17:39', '2023-02-08 19:18:01'),
	(132, '5578733W020', 'CCP', '2022-08-30', 'ACHAT CB NEXITI MARKET  29.08.22 CARTE NUMERO                795  ', -7.60, 1700, NULL, NULL, NULL, '2023-02-08 19:17:39', '2023-02-08 19:18:02'),
	(133, '5578733W020', 'CCP', '2022-08-30', 'ACHAT CB IBRAHIM VIANDE 29.08.22 CARTE NUMERO                795  ', -6.00, 1700, NULL, NULL, NULL, '2023-02-08 19:17:39', '2023-02-08 19:18:02'),
	(134, '5578733W020', 'CCP', '2022-08-30', 'ACHAT CB BOULANGERIE TE 29.08.22 CARTE NUMERO                795  ', -5.60, 1700, NULL, NULL, NULL, '2023-02-08 19:17:39', '2023-02-08 19:18:02'),
	(135, '5578733W020', 'CCP', '2022-08-29', 'ACHAT CB Google YouTube 28.08.22 EUR         11,99 CARTE NO  795  ', -11.99, 1502, NULL, NULL, NULL, '2023-02-08 19:17:39', '2023-02-08 19:18:01'),
	(136, '5578733W020', 'CCP', '2022-08-29', 'VIREMENT DE DIOURON MATTHIEU OU REFERENCE : 0190241200015001  ', 224.00, 2, NULL, NULL, NULL, '2023-02-08 19:17:39', '2023-02-08 19:18:01'),
	(137, '5578733W020', 'CCP', '2022-08-19', 'ACHAT CB ALDI MARCHE 21 18.08.22 CARTE NUMERO                795  ', -39.98, 1700, NULL, NULL, NULL, '2023-02-08 19:17:39', '2023-02-08 19:18:02'),
	(138, '5578733W020', 'CCP', '2022-08-18', 'ACHAT CB LIDL     1620  17.08.22 CARTE NUMERO                795  ', -47.64, 1700, NULL, NULL, NULL, '2023-02-08 19:17:39', '2023-02-08 19:18:02'),
	(139, '5578733W020', 'CCP', '2022-08-17', 'ACHAT CB FLIXBUS.COM    15.08.22 CARTE NUMERO                795  ', -179.98, 1700, NULL, NULL, NULL, '2023-02-08 19:17:39', '2023-02-08 19:18:02'),
	(140, '5578733W020', 'CCP', '2022-08-17', 'ACHAT CB Free Mobile    16.08.22 CARTE NUMERO                795  ', -26.78, 1700, NULL, NULL, NULL, '2023-02-08 19:17:40', '2023-02-08 19:18:02'),
	(141, '5578733W020', 'CCP', '2022-08-16', 'PRELEVEMENT DE DIRECTION GENERAL ES FINANCES PUBL REF : 1E087000075033M2750025177 750331723829641268 111', -13.00, 1601, NULL, NULL, NULL, '2023-02-08 19:17:40', '2023-02-08 19:18:01'),
	(142, '5578733W020', 'CCP', '2022-08-16', 'ACHAT CB TRIP.COM       14.08.22 EUR        299,72 CARTE NO  795  ', -299.72, 1700, NULL, NULL, NULL, '2023-02-08 19:17:40', '2023-02-08 19:18:02'),
	(143, '5578733W020', 'CCP', '2022-08-16', 'ACHAT CB Samsung France 12.08.22 CARTE NUMERO                795  ', -12.99, 1504, NULL, NULL, NULL, '2023-02-08 19:17:40', '2023-02-08 19:18:01'),
	(144, '5578733W020', 'CCP', '2022-08-16', 'CREDIT CARTE BANCAIRE TRIP.COM        14.08.22 PAYS-BAS    CARTE NUMERO    795 ', 299.72, NULL, NULL, NULL, NULL, '2023-02-08 19:17:40', NULL),
	(145, '5578733W020', 'CCP', '2022-08-11', 'VIREMENT INSTANTANE A MR OU ME QUIROZ FERNANDE 19 08 central park ', -100.00, NULL, NULL, NULL, NULL, '2023-02-08 19:17:40', NULL),
	(146, '5578733W020', 'CCP', '2022-08-09', 'CREDIT CARTE BANCAIRE CDISCOUNT       17.07.22 CARTE NUMERO                795 ', 14.99, 1702, NULL, NULL, NULL, '2023-02-08 19:17:40', '2023-02-08 19:18:02'),
	(147, '5578733W020', 'CCP', '2022-08-08', 'ACHAT CB MONOP          06.08.22 CARTE NUMERO                795  ', -36.13, 1700, NULL, NULL, NULL, '2023-02-08 19:17:40', '2023-02-08 19:18:02'),
	(148, '5578733W020', 'CCP', '2022-08-08', 'ACHAT CB GROUPE A   V   06.08.22 CARTE NUMERO                795  ', -31.90, 1700, NULL, NULL, NULL, '2023-02-08 19:17:40', '2023-02-08 19:18:02'),
	(149, '5578733W020', 'CCP', '2022-08-05', 'VIREMENT DE URSSAF RA CC CESU SA RES RBB-CESUVISA423202208031201146 VIREMENT SALAIRE CESU+ MME REIGN', 200.00, 1, 225, NULL, NULL, '2023-02-08 19:17:40', '2023-02-08 19:18:01'),
	(150, '5578733W020', 'CCP', '2022-08-03', 'PRELEVEMENT DE Navigo Annuel - G COMUTITRES REF : 3/16595518-1/685230340 Navigo Annuel', -75.20, 1500, NULL, NULL, NULL, '2023-02-08 19:17:40', '2023-02-08 19:18:01'),
	(151, '5578733W020', 'CCP', '2022-08-01', 'VIREMENT PERMANENT POUR CRUCELISA ARISTIZABAL SA COMPTE FR0630002004360000021464Q REFERENCE : 0226213200380273', -485.00, 69, NULL, NULL, NULL, '2023-02-08 19:17:40', '2023-02-08 19:18:01'),
	(152, '5578733W020', 'CCP', '2022-08-01', 'ACHAT CB PHARMACIE DU D 29.07.22 CARTE NUMERO                795  ', -22.90, 1700, NULL, NULL, NULL, '2023-02-08 19:17:41', '2023-02-08 19:18:02'),
	(153, '5578733W020', 'CCP', '2022-07-29', 'ACHAT CB Google YouTube 27.07.22 CARTE NUMERO                795  ', -11.99, 1502, NULL, NULL, NULL, '2023-02-08 19:17:41', '2023-02-08 19:18:01'),
	(154, '5578733W020', 'CCP', '2022-07-29', 'VIREMENT DE DIOURON MATTHIEU OU REFERENCE : 0190210200019001  ', 224.00, 2, NULL, NULL, NULL, '2023-02-08 19:17:41', '2023-02-08 19:18:01'),
	(155, '5578733W020', 'CCP', '2022-07-28', 'ACHAT CB COCCI MARKET   27.07.22 CARTE NUMERO                795  ', -26.68, 1700, NULL, NULL, NULL, '2023-02-08 19:17:41', '2023-02-08 19:18:02'),
	(156, '5578733W020', 'CCP', '2022-07-25', 'ACHAT CB CARROUSSEL DIS 24.07.22 EUR         19,00 CARTE NO  795  ', -19.00, 1700, NULL, NULL, NULL, '2023-02-08 19:17:41', '2023-02-08 19:18:02'),
	(157, '5578733W020', 'CCP', '2022-07-19', 'ACHAT CB BOULANGERIE TE 18.07.22 CARTE NUMERO                795  ', -4.90, 1700, NULL, NULL, NULL, '2023-02-08 19:17:41', '2023-02-08 19:18:02'),
	(158, '5578733W020', 'CCP', '2022-07-19', 'CREDIT CARTE BANCAIRE CDISCOUNT       12.07.22 CARTE NUMERO                795 ', 10.98, 1702, NULL, NULL, NULL, '2023-02-08 19:17:41', '2023-02-08 19:18:02'),
	(159, '5578733W020', 'CCP', '2022-07-19', 'REMISE DE CHEQUE N  0488600 DE            C I C  ', 900.00, NULL, NULL, NULL, NULL, '2023-02-08 19:17:41', NULL),
	(160, '5578733W020', 'CCP', '2022-07-18', 'VIREMENT INSTANTANE A MR OU ME QUIROZ FERNANDE central park ', -290.00, NULL, NULL, NULL, NULL, '2023-02-08 19:17:41', NULL),
	(161, '5578733W020', 'CCP', '2022-07-18', 'ACHAT CB ALDI MARCHE 04 16.07.22 CARTE NUMERO                795  ', -39.78, 1700, NULL, NULL, NULL, '2023-02-08 19:17:41', '2023-02-08 19:18:02'),
	(162, '5578733W020', 'CCP', '2022-07-18', 'ACHAT CB LA CANONNIERE  16.07.22 CARTE NUMERO                795  ', -36.00, 1700, NULL, NULL, NULL, '2023-02-08 19:17:42', '2023-02-08 19:18:02'),
	(163, '5578733W020', 'CCP', '2022-07-18', 'ACHAT CB CDISCOUNT      17.07.22 CARTE NUMERO                795  ', -14.99, 1700, NULL, NULL, NULL, '2023-02-08 19:17:42', '2023-02-08 19:18:02'),
	(164, '5578733W020', 'CCP', '2022-07-18', 'VIREMENT DE MR MUNOZ ALBUERNO RA PAGO OTI, CENTRAL PARK 290 REFERENCE : 0181199210013920 ', 400.00, 1602, NULL, NULL, NULL, '2023-02-08 19:17:42', '2023-02-08 19:18:01'),
	(165, '5578733W020', 'CCP', '2022-07-18', 'VIREMENT DE MR MUNOZ ALBUERNO RA CUADRAR CUENTA SALDO NEGATIVO REFERENCE : 0181196280025600 ', 100.00, 1602, NULL, NULL, NULL, '2023-02-08 19:17:42', '2023-02-08 19:18:01'),
	(166, '5578733W020', 'CCP', '2022-07-15', 'PRELEVEMENT DE DIRECTION GENERAL ES FINANCES PUBL REF : 1E087000075033M2750025177 750331723829641268 111', -13.00, 1601, NULL, NULL, NULL, '2023-02-08 19:17:42', '2023-02-08 19:18:01'),
	(167, '5578733W020', 'CCP', '2022-07-15', 'ACHAT CB Flixbus        13.07.22 CARTE NUMERO                795  ', -65.92, 1700, NULL, NULL, NULL, '2023-02-08 19:17:42', '2023-02-08 19:18:02'),
	(168, '5578733W020', 'CCP', '2022-07-15', 'ACHAT CB AMAZON PAYMENT 12.07.22 CARTE NUMERO                795  ', -44.97, 1700, NULL, NULL, NULL, '2023-02-08 19:17:42', '2023-02-08 19:18:02'),
	(169, '5578733W020', 'CCP', '2022-07-15', 'ACHAT CB Free Mobile    14.07.22 CARTE NUMERO                795  ', -19.99, 1700, NULL, NULL, NULL, '2023-02-08 19:17:42', '2023-02-08 19:18:02'),
	(170, '5578733W020', 'CCP', '2022-07-15', 'ACHAT CB NEXITI MARKET  13.07.22 CARTE NUMERO                795  ', -7.60, 1700, NULL, NULL, NULL, '2023-02-08 19:17:42', '2023-02-08 19:18:02'),
	(171, '5578733W020', 'CCP', '2022-07-15', 'ACHAT CB BOULANGERIE TE 13.07.22 CARTE NUMERO                795  ', -4.90, 1700, NULL, NULL, NULL, '2023-02-08 19:17:43', '2023-02-08 19:18:02'),
	(172, '5578733W020', 'CCP', '2022-07-13', 'ACHAT CB CDISCOUNT      12.07.22 CARTE NUMERO                795  ', -10.98, 1700, NULL, NULL, NULL, '2023-02-08 19:17:43', '2023-02-08 19:18:02'),
	(173, '5578733W020', 'CCP', '2022-07-12', 'ACHAT CB LIDL     1620  11.07.22 CARTE NUMERO                795  ', -63.87, 1700, NULL, NULL, NULL, '2023-02-08 19:17:43', '2023-02-08 19:18:02'),
	(174, '5578733W020', 'CCP', '2022-07-11', 'ACHAT CB Samsung France 10.07.22 CARTE NUMERO                795  ', -1401.79, 1504, NULL, NULL, NULL, '2023-02-08 19:17:43', '2023-02-08 19:18:01'),
	(175, '5578733W020', 'CCP', '2022-07-11', 'VIREMENT DE MR MUNOZ ALBUERNO RA SAMSUNG REFERENCE : 0181191210008724 ', 1500.00, 1504, NULL, NULL, NULL, '2023-02-08 19:17:43', '2023-02-08 19:18:01'),
	(176, '5578733W020', 'CCP', '2022-07-08', 'ACHAT CB Flixbus        06.07.22 CARTE NUMERO                795  ', -52.96, 1700, NULL, NULL, NULL, '2023-02-08 19:17:43', '2023-02-08 19:18:02'),
	(177, '5578733W020', 'CCP', '2022-07-08', 'ACHAT CB Flixbus        06.07.22 CARTE NUMERO                795  ', -26.96, 1700, NULL, NULL, NULL, '2023-02-08 19:17:43', '2023-02-08 19:18:02'),
	(178, '5578733W020', 'CCP', '2022-07-05', 'REMISE COMMERCIALE D AGIOS', 1.50, NULL, NULL, NULL, NULL, '2023-02-08 19:17:44', NULL),
	(179, '5578733W020', 'CCP', '2022-07-05', 'MINIMUM FORFAITAIRE TRIMESTRIEL D UTILISATION DU DECOUVERT  ', -1.50, 1603, NULL, NULL, NULL, '2023-02-08 19:17:44', '2023-02-08 19:18:02'),
	(180, '5578733W020', 'CCP', '2022-07-05', 'ACHAT CB CDISCOUNT      03.07.22 CARTE NUMERO                795  ', -19.99, 1700, NULL, NULL, NULL, '2023-02-08 19:17:44', '2023-02-08 19:18:02'),
	(181, '5578733W020', 'CCP', '2022-07-05', 'VIREMENT DE REGINA YORCKA MARGAR MU OZ ARA Transporte Perritas REFERENCE : 0189186200003500', 300.00, 70, NULL, NULL, NULL, '2023-02-08 19:17:44', '2023-02-08 19:18:01'),
	(182, '5578733W020', 'CCP', '2022-07-04', 'VIREMENT POUR CRUCELISA ARISTIZABAL SA COMPTE FR0630002004360000021464Q LOUE JUILLET', -470.00, 69, NULL, NULL, NULL, '2023-02-08 19:17:44', '2023-02-08 19:18:01'),
	(183, '5578733W020', 'CCP', '2022-07-04', 'PRELEVEMENT DE Navigo Annuel - G COMUTITRES REF : 3/16595518-1/679267334 Navigo Annuel', -75.20, 1500, NULL, NULL, NULL, '2023-02-08 19:17:44', '2023-02-08 19:18:01'),
	(184, '5578733W020', 'CCP', '2022-07-04', 'ACHAT CB CDISCOUNT      03.07.22 CARTE NUMERO                795  ', -359.99, 1700, NULL, NULL, NULL, '2023-02-08 19:17:44', '2023-02-08 19:18:02'),
	(185, '5578733W020', 'CCP', '2022-07-04', 'COTISATION TRIMESTRIELLE DE VOTRE FORMULE DE COMPTE  ', -44.40, 1600, NULL, NULL, NULL, '2023-02-08 19:17:44', '2023-02-08 19:18:01'),
	(186, '5578733W020', 'CCP', '2022-07-04', 'VIREMENT DE MR MUNOZ ALBUERNO RA REFERENCE : 0181182210033156  ', 400.00, 1602, NULL, NULL, NULL, '2023-02-08 19:17:44', '2023-02-08 19:18:01'),
	(187, '5578733W020', 'CCP', '2022-06-30', 'ACHAT CB FRANPRIX 5428  29.06.22 CARTE NUMERO                795  ', -6.23, 1700, NULL, NULL, NULL, '2023-02-08 19:17:44', '2023-02-08 19:18:02'),
	(188, '5578733W020', 'CCP', '2022-06-30', 'VIREMENT DE URSSAF RA CC CESU SA RES RBB-CESUVISA423202206281201443 VIREMENT SALAIRE CESU+ MME REIGN', 275.00, 1, 275, NULL, NULL, '2023-02-08 19:17:44', '2023-02-08 19:18:01'),
	(189, '5578733W020', 'CCP', '2022-06-29', 'ACHAT CB FRANPRIX       28.06.22 CARTE NUMERO                795  ', -27.93, 1700, NULL, NULL, NULL, '2023-02-08 19:17:45', '2023-02-08 19:18:02'),
	(190, '5578733W020', 'CCP', '2022-06-29', 'ACHAT CB Google YouTube 27.06.22 CARTE NUMERO                795  ', -11.99, 1502, NULL, NULL, NULL, '2023-02-08 19:17:45', '2023-02-08 19:18:01'),
	(191, '5578733W020', 'CCP', '2022-06-28', 'VIREMENT DE DIOURON MATTHIEU OU Virement depuis Ma Banque REFERENCE : 0190178200163001 ', 224.00, 2, NULL, NULL, NULL, '2023-02-08 19:17:45', '2023-02-08 19:18:01'),
	(192, '5578733W020', 'CCP', '2022-06-28', 'VIREMENT DE CRCESU VIR CRCESU 1191085 28/06/2022 REFERENCE : 0190179200093001 ', 25.00, 1, 25, NULL, NULL, '2023-02-08 19:17:45', NULL),
	(193, '5578733W020', 'CCP', '2022-06-24', 'PRELEVEMENT DE SFR REF : 003372640511 99-194U0J-01 SFR mobile Prlvt SEPA 99-194U0J- 003372640511', -18.90, NULL, NULL, NULL, NULL, '2023-02-08 19:17:45', NULL),
	(194, '5578733W020', 'CCP', '2022-06-24', 'VIREMENT DE MR MUNOZ ALBUERNO RA SOBREGIRADO REFERENCE : 0181175280010655 ', 100.00, 1602, NULL, NULL, NULL, '2023-02-08 19:17:45', '2023-02-08 19:18:01'),
	(195, '5578733W020', 'CCP', '2022-06-20', 'ACHAT CB ADEO LEROY MER 19.06.22 CARTE NUMERO                795  ', -80.30, 1700, NULL, NULL, NULL, '2023-02-08 19:17:45', '2023-02-08 19:18:02'),
	(196, '5578733W020', 'CCP', '2022-06-20', 'ACHAT CB ADEO LEROY MER 19.06.22 CARTE NUMERO                795  ', -69.80, 1700, NULL, NULL, NULL, '2023-02-08 19:17:45', '2023-02-08 19:18:02'),
	(197, '5578733W020', 'CCP', '2022-06-20', 'ACHAT CB CDISCOUNT      12.06.22 CARTE NUMERO                795  ', -29.00, 1700, NULL, NULL, NULL, '2023-02-08 19:17:46', '2023-02-08 19:18:02'),
	(198, '5578733W020', 'CCP', '2022-06-20', 'ACHAT CB MY AUCHAN      17.06.22 CARTE NUMERO                795  ', -6.36, 1700, NULL, NULL, NULL, '2023-02-08 19:17:46', '2023-02-08 19:18:02'),
	(199, '5578733W020', 'CCP', '2022-06-20', 'ACHAT CB aliexpress     17.06.22 EUR          5,80 CARTE NO  795  ', -5.80, 1700, NULL, NULL, NULL, '2023-02-08 19:17:46', '2023-02-08 19:18:02'),
	(200, '5578733W020', 'CCP', '2022-06-20', 'ACHAT CB LES SAVEURS DE 17.06.22 CARTE NUMERO                795  ', -3.80, 1700, NULL, NULL, NULL, '2023-02-08 19:17:46', '2023-02-08 19:18:02'),
	(201, '5578733W020', 'CCP', '2022-06-16', 'ACHAT CB FUN PARTY      15.06.22 CARTE NUMERO                795  ', -32.80, 1700, NULL, NULL, NULL, '2023-02-08 19:17:46', '2023-02-08 19:18:02'),
	(202, '5578733W020', 'CCP', '2022-06-16', 'ACHAT CB FRANPRIX 5428  15.06.22 CARTE NUMERO                795  ', -7.96, 1700, NULL, NULL, NULL, '2023-02-08 19:17:46', '2023-02-08 19:18:02'),
	(203, '5578733W020', 'CCP', '2022-06-16', 'ACHAT CB BOULANGERIE TE 15.06.22 CARTE NUMERO                795  ', -4.90, 1700, NULL, NULL, NULL, '2023-02-08 19:17:46', '2023-02-08 19:18:02'),
	(204, '5578733W020', 'CCP', '2022-06-15', 'PRELEVEMENT DE DIRECTION GENERAL ES FINANCES PUBL REF : 1E087000075033M2750025177 750331723829641268 111', -13.00, 1601, NULL, NULL, NULL, '2023-02-08 19:17:46', '2023-02-08 19:18:01'),
	(205, '5578733W020', 'CCP', '2022-06-13', 'ACHAT CB CDISCOUNT      12.06.22 CARTE NUMERO                795  ', -184.98, 1700, NULL, NULL, NULL, '2023-02-08 19:17:46', '2023-02-08 19:18:02'),
	(206, '5578733W020', 'CCP', '2022-06-13', 'ACHAT CB DOPPIO DEFENCE 12.06.22 CARTE NUMERO                795  ', -87.90, 1700, NULL, NULL, NULL, '2023-02-08 19:17:46', '2023-02-08 19:18:02'),
	(207, '5578733W020', 'CCP', '2022-06-13', 'ACHAT CB PICWICTOYS     12.06.22 CARTE NUMERO                795  ', -30.98, 1700, NULL, NULL, NULL, '2023-02-08 19:17:47', '2023-02-08 19:18:02'),
	(208, '5578733W020', 'CCP', '2022-06-13', 'ACHAT CB FREE MOBILE    12.06.22 CARTE NUMERO                795  ', -29.99, 1700, NULL, NULL, NULL, '2023-02-08 19:17:47', '2023-02-08 19:18:02'),
	(209, '5578733W020', 'CCP', '2022-06-13', 'ACHAT CB AZTEXTILE      12.06.22 CARTE NUMERO                795  ', -17.00, 1700, NULL, NULL, NULL, '2023-02-08 19:17:47', '2023-02-08 19:18:02'),
	(210, '5578733W020', 'CCP', '2022-06-13', 'ACHAT CB FRANPRIX       11.06.22 CARTE NUMERO                795  ', -11.10, 1700, NULL, NULL, NULL, '2023-02-08 19:17:47', '2023-02-08 19:18:02'),
	(211, '5578733W020', 'CCP', '2022-06-13', 'ACHAT CB CDISCOUNT      12.06.22 CARTE NUMERO                795  ', -7.99, 1700, NULL, NULL, NULL, '2023-02-08 19:17:47', '2023-02-08 19:18:02'),
	(212, '5578733W020', 'CCP', '2022-06-10', 'ACHAT CB 3015 ST CLOUD  09.06.22 CARTE NUMERO                795  ', -9.57, 1700, NULL, NULL, NULL, '2023-02-08 19:17:47', '2023-02-08 19:18:02'),
	(213, '5578733W020', 'CCP', '2022-06-09', 'ACHAT CB G20            08.06.22 CARTE NUMERO                795  ', -14.02, 1700, NULL, NULL, NULL, '2023-02-08 19:17:47', '2023-02-08 19:18:02'),
	(214, '5578733W020', 'CCP', '2022-06-08', 'ACHAT CB AMAZON PAYMENT 06.06.22 CARTE NUMERO                795  ', -145.75, 1700, NULL, NULL, NULL, '2023-02-08 19:17:47', '2023-02-08 19:18:02'),
	(215, '5578733W020', 'CCP', '2022-06-08', 'ACHAT CB FRANPRIX       07.06.22 CARTE NUMERO                795  ', -37.41, 1700, NULL, NULL, NULL, '2023-02-08 19:17:47', '2023-02-08 19:18:02'),
	(216, '5578733W020', 'CCP', '2022-06-08', 'VIREMENT DE CRCESU VIR CRCESU 1191085 08/06/2022 REFERENCE : 0190159200114001 ', 250.00, 1, 250, NULL, NULL, '2023-02-08 19:17:47', NULL),
	(217, '5578733W020', 'CCP', '2022-06-07', 'CREDIT CARTE BANCAIRE AMAZON PAYMENTS 05.06.22 CARTE NUMERO                795 ', 109.99, 1701, NULL, NULL, NULL, '2023-02-08 19:17:47', '2023-02-08 19:18:02'),
	(218, '5578733W020', 'CCP', '2022-06-03', 'PRELEVEMENT DE Navigo Annuel - G COMUTITRES REF : 3/16595518-1/675235621 Navigo Annuel', -75.20, 1500, NULL, NULL, NULL, '2023-02-08 19:17:48', '2023-02-08 19:18:01'),
	(219, '5578733W020', 'CCP', '2022-06-03', 'VIREMENT DE REGINA YORCKA MARGAR MU OZ ARA Transporte Perritas REFERENCE : 0189154200001200', 300.00, 70, NULL, NULL, NULL, '2023-02-08 19:17:48', '2023-02-08 19:18:01'),
	(220, '5578733W020', 'CCP', '2022-06-02', 'PRELEVEMENT DE SFR REF : 003372303506 99-194U0J-01 SFR mobile Prlvt SEPA 99-194U0J- 003372303506', -23.00, NULL, NULL, NULL, NULL, '2023-02-08 19:17:48', NULL),
	(221, '5578733W020', 'CCP', '2022-06-01', 'VIREMENT POUR CRUCELISA ARISTIZABAL SA COMPTE FR0630002004360000021464Q LOUE JUIN', -470.00, 69, NULL, NULL, NULL, '2023-02-08 19:17:48', '2023-02-08 19:18:01'),
	(222, '5578733W020', 'CCP', '2022-05-30', 'ACHAT CB TotalE Elec G  28.05.22 CARTE NUMERO                795  ', -450.43, 1700, NULL, NULL, NULL, '2023-02-08 19:17:48', '2023-02-08 19:18:02'),
	(223, '5578733W020', 'CCP', '2022-05-30', 'ACHAT CB IKEA WEB VAD   28.05.22 CARTE NUMERO                795  ', -118.99, 1700, NULL, NULL, NULL, '2023-02-08 19:17:48', '2023-02-08 19:18:02'),
	(224, '5578733W020', 'CCP', '2022-05-30', 'ACHAT CB FRANPRIX       28.05.22 CARTE NUMERO                795  ', -28.49, 1700, NULL, NULL, NULL, '2023-02-08 19:17:48', '2023-02-08 19:18:02'),
	(225, '5578733W020', 'CCP', '2022-05-30', 'ACHAT CB Google YouTube 28.05.22 EUR         11,99 CARTE NO  795  ', -11.99, 1502, NULL, NULL, NULL, '2023-02-08 19:17:48', '2023-02-08 19:18:01'),
	(226, '5578733W020', 'CCP', '2022-05-30', 'VIREMENT DE DIOURON MATTHIEU OU Virement depuis Ma Banque REFERENCE : 0190150200061001 ', 224.00, 2, NULL, NULL, NULL, '2023-02-08 19:17:48', '2023-02-08 19:18:01'),
	(227, '5578733W020', 'CCP', '2022-05-25', 'ACHAT CB FNAC           24.05.22 CARTE NUMERO                795  ', -179.99, 1700, NULL, NULL, NULL, '2023-02-08 19:17:48', '2023-02-08 19:18:02'),
	(228, '5578733W020', 'CCP', '2022-05-25', 'ACHAT CB FRANPRIX 5428  24.05.22 CARTE NUMERO                795  ', -12.80, 1700, NULL, NULL, NULL, '2023-02-08 19:17:49', '2023-02-08 19:18:02'),
	(229, '5578733W020', 'CCP', '2022-05-23', 'ACHAT CB AMAZON PAYMENT 19.05.22 CARTE NUMERO                795  ', -109.99, 1700, NULL, NULL, NULL, '2023-02-08 19:17:49', '2023-02-08 19:18:02'),
	(230, '5578733W020', 'CCP', '2022-05-23', 'ACHAT CB Google Payment 21.05.22 EUR          4,99 CARTE NO  795  ', -4.99, 1700, NULL, NULL, NULL, '2023-02-08 19:17:49', '2023-02-08 19:18:02'),
	(231, '5578733W020', 'CCP', '2022-05-16', 'PRELEVEMENT DE DIRECTION GENERAL ES FINANCES PUBL REF : 1E087000075033M2750025177 750331723829641268 111', -13.00, 1601, NULL, NULL, NULL, '2023-02-08 19:17:49', '2023-02-08 19:18:01'),
	(232, '5578733W020', 'CCP', '2022-05-13', 'ACHAT CB DEKRA SERV FR  11.05.22 EUR         30,00 CARTE NO  795  ', -30.00, 1700, NULL, NULL, NULL, '2023-02-08 19:17:50', '2023-02-08 19:18:02'),
	(233, '5578733W020', 'CCP', '2022-05-12', 'CARTE X2795    11/05/22 A 18H56 RETRAIT DAB LCL PARIS OBERKAMPF  ', -20.00, NULL, NULL, NULL, NULL, '2023-02-08 19:17:50', NULL),
	(234, '5578733W020', 'CCP', '2022-05-10', 'VIREMENT DE MR OU MME PUVIS DE C ANNES EMM VIREMENT VERS RAFAEL MUNOZ VIREMENT DE MR OU MME PUVIS DE C', 324.00, 9, NULL, NULL, NULL, '2023-02-08 19:17:50', '2023-02-08 19:18:01'),
	(235, '5578733W020', 'CCP', '2022-05-04', 'PRELEVEMENT DE SFR REF : 003131820080 99-194U0J-01 SFR mobile Prlvt SEPA 99-194U0J- 003131820080', -23.00, NULL, NULL, NULL, NULL, '2023-02-08 19:17:50', NULL),
	(236, '5578733W020', 'CCP', '2022-05-04', 'VIREMENT DE CRCESU VIR CRCESU 1191085 04/05/2022 REFERENCE : 0190124200080001 ', 275.00, 1, 250, NULL, NULL, '2023-02-08 19:17:50', NULL),
	(237, '5578733W020', 'CCP', '2022-05-03', 'PRELEVEMENT DE Navigo Annuel - G COMUTITRES REF : 3/16595518-1/671376080 Navigo Annuel', -75.20, 1500, NULL, NULL, NULL, '2023-02-08 19:17:50', '2023-02-08 19:18:01'),
	(238, '5578733W020', 'CCP', '2022-04-29', 'VIREMENT POUR CRUCELISA ARISTIZABAL SA COMPTE FR0630002004360000021464Q LOUE MAIS', -470.00, 69, NULL, NULL, NULL, '2023-02-08 19:17:50', '2023-02-08 19:18:01'),
	(239, '5578733W020', 'CCP', '2022-04-29', 'VIREMENT DE DIOURON MATTHIEU OU Virement depuis Ma Banque REFERENCE : 0190118200126001 ', 224.00, 2, NULL, NULL, NULL, '2023-02-08 19:17:50', '2023-02-08 19:18:01'),
	(240, '5578733W020', 'CCP', '2022-07-18', 'VIREMENT CREDIT', 400.00, NULL, NULL, NULL, NULL, '2023-02-08 19:17:50', NULL),
	(241, '5578733W020', 'CCP', '2022-07-18', 'VIREMENT INSTANTANE DEBIT', -290.00, NULL, NULL, NULL, NULL, '2023-02-08 19:17:51', NULL),
	(242, '5578733W020', 'CCP', '2022-07-15', 'VIREMENT CREDIT', 100.00, NULL, NULL, NULL, NULL, '2023-02-08 19:17:51', NULL),
	(243, '5578733W020', 'CCP', '2022-04-19', 'PRELEVEMENT DE DIRECTION GENERAL ES FINANCES PUBL REF : 1E087000075033M2750025177 750331723829641268 111', -13.00, 1601, NULL, NULL, NULL, '2023-02-08 19:17:51', '2023-02-08 19:18:01'),
	(244, '5578733W020', 'CCP', '2022-04-12', 'REMISE DE CHEQUE N  9838221 DE            S GENERALE  ', 33.90, NULL, NULL, NULL, NULL, '2023-02-08 19:17:51', NULL),
	(245, '5578733W020', 'CCP', '2022-06-01', 'VIREMENT DEBIT', -470.00, NULL, NULL, NULL, NULL, '2023-02-08 19:17:51', NULL),
	(246, '5578733W020', 'CCP', '2022-04-08', 'VIREMENT DE CRCESU VIR CRCESU 1191085 08/04/2022 REFERENCE : 0190098200071001 ', 250.00, 1, 250, NULL, NULL, '2023-02-08 19:17:51', NULL),
	(247, '5578733W020', 'CCP', '2022-04-04', 'PRELEVEMENT DE Navigo Annuel - G COMUTITRES REF : 3/16595518-1/666907120 Navigo Annuel', -75.20, 1500, NULL, NULL, NULL, '2023-02-08 19:17:51', '2023-02-08 19:18:01'),
	(248, '5578733W020', 'CCP', '2022-04-04', 'PRELEVEMENT DE SFR REF : 003971086954 99-194U0J-01 SFR mobile Prlvt SEPA 99-194U0J- 003971086954', -23.00, NULL, NULL, NULL, NULL, '2023-02-08 19:17:51', NULL),
	(249, '5578733W020', 'CCP', '2022-04-04', 'COTISATION TRIMESTRIELLE DE VOTRE FORMULE DE COMPTE  ', -44.40, 1600, NULL, NULL, NULL, '2023-02-08 19:17:51', '2023-02-08 19:18:01'),
	(250, '5578733W020', 'CCP', '2022-04-04', 'VIREMENT DE MR OU MME PUVIS DE C ANNES EMM VIREMENT VERS RAFAEL MUNOZ VIREMENT DE MR OU MME PUVIS DE C', 708.00, 9, NULL, NULL, NULL, '2023-02-08 19:17:51', '2023-02-08 19:18:01'),
	(251, '5578733W020', 'CCP', '2022-04-01', 'VIREMENT POUR CRUCELISA ARISTIZABAL SA COMPTE FR0630002004360000021464Q LOUE AVRIL', -470.00, 69, NULL, NULL, NULL, '2023-02-08 19:17:51', '2023-02-08 19:18:01'),
	(252, '5578733W020', 'CCP', '2022-03-28', 'VIREMENT DE DIOURON MATTHIEU OU Virement depuis Ma Banque REFERENCE : 0190087200068001 ', 224.00, 2, NULL, NULL, NULL, '2023-02-08 19:17:52', '2023-02-08 19:18:01'),
	(253, '5578733W020', 'CCP', '2022-03-15', 'PRELEVEMENT DE DIRECTION GENERAL ES FINANCES PUBL REF : 1E087000075033M2750025177 750331723829641268 111', -13.00, 1601, NULL, NULL, NULL, '2023-02-08 19:17:52', '2023-02-08 19:18:01'),
	(254, '5578733W020', 'CCP', '2022-03-08', 'VIREMENT DE URSSAF RA CC CESU SA RES RBB-CESUVISA423202203071201285 VIREMENT SALAIRE CESU+ MME REIGN', 250.00, 1, 200, NULL, NULL, '2023-02-08 19:17:52', '2023-02-08 19:18:01'),
	(255, '5578733W020', 'CCP', '2022-03-07', 'PRELEVEMENT DE SFR REF : 003330814748 99-194U0J-01 SFR mobile Prlvt SEPA 99-194U0J- 003330814748', -23.80, NULL, NULL, NULL, NULL, '2023-02-08 19:17:52', NULL),
	(256, '5578733W020', 'CCP', '2022-03-03', 'VIREMENT POUR CRUCELISA ARISTIZABAL SA COMPTE FR0630002004360000021464Q CADEAU', -100.00, 69, NULL, NULL, NULL, '2023-02-08 19:17:52', '2023-02-08 19:18:01'),
	(257, '5578733W020', 'CCP', '2022-03-01', 'VIREMENT POUR CRUCELISA ARISTIZABAL SA COMPTE FR0630002004360000021464Q LOUE MARS', -470.00, 69, NULL, NULL, NULL, '2023-02-08 19:17:52', '2023-02-08 19:18:01'),
	(258, '5578733W020', 'CCP', '2022-02-28', 'VIREMENT DE DIOURON MATTHIEU OU Virement depuis Ma Banque REFERENCE : 0190059200022001 ', 224.00, 2, NULL, NULL, NULL, '2023-02-08 19:17:52', '2023-02-08 19:18:01'),
	(259, '5578733W020', 'CCP', '2022-02-15', 'PRELEVEMENT DE DIRECTION GENERAL ES FINANCES PUBL REF : 1E087000075033M2750025177 750331723829641268 111', -13.00, 1601, NULL, NULL, NULL, '2023-02-08 19:17:52', '2023-02-08 19:18:01'),
	(260, '5578733W020', 'CCP', '2022-02-07', 'VIREMENT DE URSSAF RA CC CESU SA RES RBB-CESUVISA423202202041202874 VIREMENT SALAIRE CESU+ MME REIGN', 225.00, 1, 225, NULL, NULL, '2023-02-08 19:17:52', '2023-02-08 19:18:01'),
	(261, '5578733W020', 'CCP', '2022-02-03', 'PRELEVEMENT DE Navigo Annuel - G COMUTITRES REF : 3/16595518-1/658356043 Navigo Annuel', -75.20, 1500, NULL, NULL, NULL, '2023-02-08 19:17:52', '2023-02-08 19:18:01'),
	(262, '5578733W020', 'CCP', '2022-02-03', 'PRELEVEMENT DE SFR REF : 003890143072 99-194U0J-01 SFR mobile Prlvt SEPA 99-194U0J- 003890143072', -20.99, NULL, NULL, NULL, NULL, '2023-02-08 19:17:53', NULL);
/*!40000 ALTER TABLE `movimientos` ENABLE KEYS */;

-- Listage de la structure de la table laravel10. pais
CREATE TABLE IF NOT EXISTS `pais` (
  `id` bigint(20) unsigned NOT NULL AUTO_INCREMENT,
  `nombre` varchar(50) COLLATE utf8mb4_unicode_ci NOT NULL,
  `bandera` varchar(128) COLLATE utf8mb4_unicode_ci DEFAULT NULL,
  `idioma` varchar(5) COLLATE utf8mb4_unicode_ci DEFAULT NULL,
  PRIMARY KEY (`id`),
  UNIQUE KEY `pais_nombre_unique` (`nombre`)
) ENGINE=InnoDB AUTO_INCREMENT=205 DEFAULT CHARSET=utf8mb4 COLLATE=utf8mb4_unicode_ci;

-- Listage des données de la table laravel10.pais : ~204 rows (environ)
/*!40000 ALTER TABLE `pais` DISABLE KEYS */;
INSERT INTO `pais` (`id`, `nombre`, `bandera`, `idioma`) VALUES
	(1, 'Afghanistan', '/storage/flags/Afghanistan.jpeg', NULL),
	(2, 'Albania', '/storage/flags/Albania.jpeg', NULL),
	(3, 'Algeria', '/storage/flags/Algeria.jpeg', NULL),
	(4, 'Andorra', '/storage/flags/Andorra.jpeg', NULL),
	(5, 'Angola', '/storage/flags/Angola.jpeg', NULL),
	(6, 'Antigua and Barbuda', '/storage/flags/Antigua_and_Barbuda.jpeg', NULL),
	(7, 'Argentina', '/storage/flags/Argentina.jpeg', NULL),
	(8, 'Armenia', '/storage/flags/Armenia.jpeg', NULL),
	(9, 'Australia', '/storage/flags/Australia.jpeg', NULL),
	(10, 'Austria', '/storage/flags/Austria.jpeg', NULL),
	(11, 'Azerbaijan', '/storage/flags/Azerbaijan.jpeg', NULL),
	(12, 'Bahamas', '/storage/flags/Bahamas.jpeg', NULL),
	(13, 'Bahrain', '/storage/flags/Bahrain.jpeg', NULL),
	(14, 'Bangladesh', '/storage/flags/Bangladesh.jpeg', NULL),
	(15, 'Barbados', '/storage/flags/Barbados.jpeg', NULL),
	(16, 'Belarus', '/storage/flags/Belarus.jpeg', NULL),
	(17, 'Belgium', '/storage/flags/Belgium.jpeg', NULL),
	(18, 'Belize', '/storage/flags/Belize.jpeg', NULL),
	(19, 'Benin', '/storage/flags/Benin.jpeg', NULL),
	(20, 'Bermuda', '/storage/flags/Bermuda.jpeg', NULL),
	(21, 'Bhutan', '/storage/flags/Bhutan.jpeg', NULL),
	(22, 'Bolivia', '/storage/flags/Bolivia.jpeg', NULL),
	(23, 'Bosnia and Herzegovina', '/storage/flags/Bosnia_and_Herzegovina.jpeg', NULL),
	(24, 'Botswana', '/storage/flags/Botswana.jpeg', NULL),
	(25, 'Brazil', '/storage/flags/Brazil.jpeg', NULL),
	(26, 'Brunei', '/storage/flags/Brunei.jpeg', NULL),
	(27, 'Bulgaria', '/storage/flags/Bulgaria.jpeg', NULL),
	(28, 'Burkina Faso', '/storage/flags/Burkina_Faso.jpeg', NULL),
	(29, 'Burundi', '/storage/flags/Burundi.jpeg', NULL),
	(30, 'Cambodia', '/storage/flags/Cambodia.jpeg', NULL),
	(31, 'Cameroon', '/storage/flags/Cameroon.jpeg', NULL),
	(32, 'Canada', '/storage/flags/Canada.jpeg', NULL),
	(33, 'Cape Verde', '/storage/flags/Cape_Verde.jpeg', NULL),
	(34, 'Cayman Islands', '/storage/flags/Cayman_Islands.jpeg', NULL),
	(35, 'Central African Republic', '/storage/flags/Central_African_Republic.jpeg', NULL),
	(36, 'Chad', '/storage/flags/Chad.jpeg', NULL),
	(37, 'Chile', '/storage/flags/Chile.jpeg', NULL),
	(38, 'China', '/storage/flags/China.jpeg', NULL),
	(39, 'Colombia', '/storage/flags/Colombia.jpeg', NULL),
	(40, 'Comoros', '/storage/flags/Comoros.jpeg', NULL),
	(41, 'Cook Islands', '/storage/flags/Cook_Islands.jpeg', NULL),
	(42, 'Costa Rica', '/storage/flags/Costa_Rica.jpeg', NULL),
	(43, 'Croatia', '/storage/flags/Croatia.jpeg', NULL),
	(44, 'Cuba', '/storage/flags/Cuba.jpeg', NULL),
	(45, 'Cyprus', '/storage/flags/Cyprus.jpeg', NULL),
	(46, 'Czech Republic', '/storage/flags/Czech_Republic.jpeg', NULL),
	(47, 'Democratic Republic of the Congo', '/storage/flags/Democratic_Republic_of_the_Congo.jpeg', NULL),
	(48, 'Denmark', '/storage/flags/Denmark.jpeg', NULL),
	(49, 'Djibouti', '/storage/flags/Djibouti.jpeg', NULL),
	(50, 'Dominica', '/storage/flags/Dominica.jpeg', NULL),
	(51, 'Dominican Republic', '/storage/flags/Dominican_Republic.jpeg', NULL),
	(52, 'East Timor', '/storage/flags/East_Timor.jpeg', NULL),
	(53, 'Ecuador', '/storage/flags/Ecuador.jpeg', NULL),
	(54, 'Egypt', '/storage/flags/Egypt.jpeg', NULL),
	(55, 'El Salvador', '/storage/flags/El_Salvador.jpeg', NULL),
	(56, 'England', '/storage/flags/England.jpeg', NULL),
	(57, 'Equatorial Guinea', '/storage/flags/Equatorial_Guinea.jpeg', NULL),
	(58, 'Eritrea', '/storage/flags/Eritrea.jpeg', NULL),
	(59, 'Estonia', '/storage/flags/Estonia.jpeg', NULL),
	(60, 'Ethiopia', '/storage/flags/Ethiopia.jpeg', NULL),
	(61, 'Fiji', '/storage/flags/Fiji.jpeg', NULL),
	(62, 'Finland', '/storage/flags/Finland.jpeg', NULL),
	(63, 'France', '/storage/flags/France.jpeg', NULL),
	(64, 'Gabon', '/storage/flags/Gabon.jpeg', NULL),
	(65, 'Georgia', '/storage/flags/Georgia.jpeg', NULL),
	(66, 'Germany', '/storage/flags/Germany.jpeg', NULL),
	(67, 'Ghana', '/storage/flags/Ghana.jpeg', NULL),
	(68, 'Greece', '/storage/flags/Greece.jpeg', NULL),
	(69, 'Greenland', '/storage/flags/Greenland.jpeg', NULL),
	(70, 'Grenada', '/storage/flags/Grenada.jpeg', NULL),
	(71, 'Guam', '/storage/flags/Guam.jpeg', NULL),
	(72, 'Guatemala', '/storage/flags/Guatemala.jpeg', NULL),
	(73, 'Guinea-Bissau', '/storage/flags/Guinea-Bissau.jpeg', NULL),
	(74, 'Guinea', '/storage/flags/Guinea.jpeg', NULL),
	(75, 'Guyana', '/storage/flags/Guyana.jpeg', NULL),
	(76, 'Haiti', '/storage/flags/Haiti.jpeg', NULL),
	(77, 'Honduras', '/storage/flags/Honduras.jpeg', NULL),
	(78, 'Hong Kong', '/storage/flags/Hong_Kong.jpeg', NULL),
	(79, 'Hungary', '/storage/flags/Hungary.jpeg', NULL),
	(80, 'Iceland', '/storage/flags/Iceland.jpeg', NULL),
	(81, 'India', '/storage/flags/India.jpeg', NULL),
	(82, 'Indonesia', '/storage/flags/Indonesia.jpeg', NULL),
	(83, 'Iran', '/storage/flags/Iran.jpeg', NULL),
	(84, 'Iraq', '/storage/flags/Iraq.jpeg', NULL),
	(85, 'Ireland', '/storage/flags/Ireland.jpeg', NULL),
	(86, 'Israel', '/storage/flags/Israel.jpeg', NULL),
	(87, 'Italy', '/storage/flags/Italy.jpeg', NULL),
	(88, 'Ivorycoast', '/storage/flags/Ivorycoast.jpeg', NULL),
	(89, 'Jamaica', '/storage/flags/Jamaica.jpeg', NULL),
	(90, 'Japan', '/storage/flags/Japan.jpeg', NULL),
	(91, 'Jordan', '/storage/flags/Jordan.jpeg', NULL),
	(92, 'Kazakhstan', '/storage/flags/Kazakhstan.jpeg', NULL),
	(93, 'Kenya', '/storage/flags/Kenya.jpeg', NULL),
	(94, 'Kiribati', '/storage/flags/Kiribati.jpeg', NULL),
	(95, 'Kuwait', '/storage/flags/Kuwait.jpeg', NULL),
	(96, 'Kyrgyzstan', '/storage/flags/Kyrgyzstan.jpeg', NULL),
	(97, 'Laos', '/storage/flags/Laos.jpeg', NULL),
	(98, 'Latvia', '/storage/flags/Latvia.jpeg', NULL),
	(99, 'Lebanon', '/storage/flags/Lebanon.jpeg', NULL),
	(100, 'Lesotho', '/storage/flags/Lesotho.jpeg', NULL),
	(101, 'Liberia', '/storage/flags/Liberia.jpeg', NULL),
	(102, 'Libya', '/storage/flags/Libya.jpeg', NULL),
	(103, 'Liechtenstein', '/storage/flags/Liechtenstein.jpeg', NULL),
	(104, 'Lithuania', '/storage/flags/Lithuania.jpeg', NULL),
	(105, 'Luxembourg', '/storage/flags/Luxembourg.jpeg', NULL),
	(106, 'Macedonia', '/storage/flags/Macedonia.jpeg', NULL),
	(107, 'Madagascar', '/storage/flags/Madagascar.jpeg', NULL),
	(108, 'Malawi', '/storage/flags/Malawi.jpeg', NULL),
	(109, 'Malaysia', '/storage/flags/Malaysia.jpeg', NULL),
	(110, 'Maldives', '/storage/flags/Maldives.jpeg', NULL),
	(111, 'Mali', '/storage/flags/Mali.jpeg', NULL),
	(112, 'Malta', '/storage/flags/Malta.jpeg', NULL),
	(113, 'Mauritania', '/storage/flags/Mauritania.jpeg', NULL),
	(114, 'Mauritius', '/storage/flags/Mauritius.jpeg', NULL),
	(115, 'Mexico', '/storage/flags/Mexico.jpeg', NULL),
	(116, 'Moldova', '/storage/flags/Moldova.jpeg', NULL),
	(117, 'Monaco', '/storage/flags/Monaco.jpeg', NULL),
	(118, 'Mongolia', '/storage/flags/Mongolia.jpeg', NULL),
	(119, 'Montenegro', '/storage/flags/Montenegro.jpeg', NULL),
	(120, 'Morocco', '/storage/flags/Morocco.jpeg', NULL),
	(121, 'Mozambique', '/storage/flags/Mozambique.jpeg', NULL),
	(122, 'Myanmar', '/storage/flags/Myanmar.jpeg', NULL),
	(123, 'Namibia', '/storage/flags/Namibia.jpeg', NULL),
	(124, 'Nauru', '/storage/flags/Nauru.jpeg', NULL),
	(125, 'Nepal', '/storage/flags/Nepal.jpeg', NULL),
	(126, 'Netherlands', '/storage/flags/Netherlands.jpeg', NULL),
	(127, 'New Caledonia', '/storage/flags/New_Caledonia.jpeg', NULL),
	(128, 'New Zealand', '/storage/flags/New_Zealand.jpeg', NULL),
	(129, 'Nicaragua', '/storage/flags/Nicaragua.jpeg', NULL),
	(130, 'Niger', '/storage/flags/Niger.jpeg', NULL),
	(131, 'Nigeria', '/storage/flags/Nigeria.jpeg', NULL),
	(132, 'North Korea', '/storage/flags/North_Korea.jpeg', NULL),
	(133, 'Norway', '/storage/flags/Norway.jpeg', NULL),
	(134, 'Oman', '/storage/flags/Oman.jpeg', NULL),
	(135, 'Pakistan', '/storage/flags/Pakistan.jpeg', NULL),
	(136, 'Palau', '/storage/flags/Palau.jpeg', NULL),
	(137, 'Palestine', '/storage/flags/Palestine.jpeg', NULL),
	(138, 'Panama', '/storage/flags/Panama.jpeg', NULL),
	(139, 'Papua New Guinea', '/storage/flags/Papua_New_Guinea.jpeg', NULL),
	(140, 'Paraguay', '/storage/flags/Paraguay.jpeg', NULL),
	(141, 'Peru', '/storage/flags/Peru.jpeg', NULL),
	(142, 'Philippines', '/storage/flags/Philippines.jpeg', NULL),
	(143, 'Poland', '/storage/flags/Poland.jpeg', NULL),
	(144, 'Portugal', '/storage/flags/Portugal.jpeg', NULL),
	(145, 'Puerto Rico', '/storage/flags/Puerto_Rico.jpeg', NULL),
	(146, 'Qatar', '/storage/flags/Qatar.jpeg', NULL),
	(147, 'Republic of the Congo', '/storage/flags/Republic_of_the_Congo.jpeg', NULL),
	(148, 'Romania', '/storage/flags/Romania.jpeg', NULL),
	(149, 'Russia', '/storage/flags/Russia.jpeg', NULL),
	(150, 'Rwanda', '/storage/flags/Rwanda.jpeg', NULL),
	(151, 'Saint Kitts and Nevis', '/storage/flags/Saint_Kitts_and_Nevis.jpeg', NULL),
	(152, 'Saint Lucia', '/storage/flags/Saint_Lucia.jpeg', NULL),
	(153, 'Saint Vincent and the Grenadines', '/storage/flags/Saint_Vincent_and_the_Grenadines.jpeg', NULL),
	(154, 'Samoa', '/storage/flags/Samoa.jpeg', NULL),
	(155, 'San Marino', '/storage/flags/San_Marino.jpeg', NULL),
	(156, 'Sao Tome and Principe', '/storage/flags/Sao_Tome_and_Principe.jpeg', NULL),
	(157, 'Saudi Arabia', '/storage/flags/Saudi_Arabia.jpeg', NULL),
	(158, 'Scotland', '/storage/flags/Scotland.jpeg', NULL),
	(159, 'Senegal', '/storage/flags/Senegal.jpeg', NULL),
	(160, 'Serbia', '/storage/flags/Serbia.jpeg', NULL),
	(161, 'Seychelles', '/storage/flags/Seychelles.jpeg', NULL),
	(162, 'Sierra Leone', '/storage/flags/Sierra_Leone.jpeg', NULL),
	(163, 'Singapore', '/storage/flags/Singapore.jpeg', NULL),
	(164, 'Slovakia', '/storage/flags/Slovakia.jpeg', NULL),
	(165, 'Slovenia', '/storage/flags/Slovenia.jpeg', NULL),
	(166, 'Solomon Islands', '/storage/flags/Solomon_Islands.jpeg', NULL),
	(167, 'Somalia', '/storage/flags/Somalia.jpeg', NULL),
	(168, 'South Africa', '/storage/flags/South_Africa.jpeg', NULL),
	(169, 'South Korea', '/storage/flags/South_Korea.jpeg', NULL),
	(170, 'South Sudan', '/storage/flags/South_Sudan.jpeg', NULL),
	(171, 'Spain', '/storage/flags/Spain.jpeg', NULL),
	(172, 'Sri Lanka', '/storage/flags/Sri_Lanka.jpeg', NULL),
	(173, 'Sudan', '/storage/flags/Sudan.jpeg', NULL),
	(174, 'Suriname', '/storage/flags/Suriname.jpeg', NULL),
	(175, 'Swaziland', '/storage/flags/Swaziland.jpeg', NULL),
	(176, 'Sweden', '/storage/flags/Sweden.jpeg', NULL),
	(177, 'Switzerland', '/storage/flags/Switzerland.jpeg', NULL),
	(178, 'Syria', '/storage/flags/Syria.jpeg', NULL),
	(179, 'Taiwan', '/storage/flags/Taiwan.jpeg', NULL),
	(180, 'Tajikistan', '/storage/flags/Tajikistan.jpeg', NULL),
	(181, 'Tanzania', '/storage/flags/Tanzania.jpeg', NULL),
	(182, 'Thailand', '/storage/flags/Thailand.jpeg', NULL),
	(183, 'Togo', '/storage/flags/Togo.jpeg', NULL),
	(184, 'Tonga', '/storage/flags/Tonga.jpeg', NULL),
	(185, 'Trinidad and Tobago', '/storage/flags/Trinidad_and_Tobago.jpeg', NULL),
	(186, 'Tunisia', '/storage/flags/Tunisia.jpeg', NULL),
	(187, 'Turkey', '/storage/flags/Turkey.jpeg', NULL),
	(188, 'Turkmenistan', '/storage/flags/Turkmenistan.jpeg', NULL),
	(189, 'Tuvalu', '/storage/flags/Tuvalu.jpeg', NULL),
	(190, 'Uganda', '/storage/flags/Uganda.jpeg', NULL),
	(191, 'Ukraine', '/storage/flags/Ukraine.jpeg', NULL),
	(192, 'United Arab Emirates', '/storage/flags/United_Arab_Emirates.jpeg', NULL),
	(193, 'United Kingdom', '/storage/flags/United_Kingdom.jpeg', NULL),
	(194, 'United States', '/storage/flags/United_States.jpeg', NULL),
	(195, 'Uruguay', '/storage/flags/Uruguay.jpeg', NULL),
	(196, 'Uzbekistan', '/storage/flags/Uzbekistan.jpeg', NULL),
	(197, 'Vanuatu', '/storage/flags/Vanuatu.jpeg', NULL),
	(198, 'Venezuela', '/storage/flags/Venezuela.jpeg', NULL),
	(199, 'Vietnam', '/storage/flags/Vietnam.jpeg', NULL),
	(200, 'Wales', '/storage/flags/Wales.jpeg', NULL),
	(201, 'Yemen', '/storage/flags/Yemen.jpeg', NULL),
	(202, 'Zambia', '/storage/flags/Zambia.jpeg', NULL),
	(203, 'Zimbabwe', '/storage/flags/Zimbabwe.jpeg', NULL),
	(204, 'theGambia', '/storage/flags/theGambia.jpeg', NULL);
/*!40000 ALTER TABLE `pais` ENABLE KEYS */;

-- Listage de la structure de la table laravel10. password_resets
CREATE TABLE IF NOT EXISTS `password_resets` (
  `email` varchar(191) NOT NULL,
  `token` varchar(191) NOT NULL,
  `created_at` timestamp NULL DEFAULT NULL,
  PRIMARY KEY (`email`)
) ENGINE=InnoDB DEFAULT CHARSET=utf8;

-- Listage des données de la table laravel10.password_resets : ~0 rows (environ)
/*!40000 ALTER TABLE `password_resets` DISABLE KEYS */;
/*!40000 ALTER TABLE `password_resets` ENABLE KEYS */;

-- Listage de la structure de la table laravel10. password_reset_tokens
CREATE TABLE IF NOT EXISTS `password_reset_tokens` (
  `email` varchar(255) COLLATE utf8mb4_unicode_ci NOT NULL,
  `token` varchar(255) COLLATE utf8mb4_unicode_ci NOT NULL,
  `created_at` timestamp NULL DEFAULT NULL,
  PRIMARY KEY (`email`)
) ENGINE=InnoDB DEFAULT CHARSET=utf8mb4 COLLATE=utf8mb4_unicode_ci;

-- Listage des données de la table laravel10.password_reset_tokens : ~0 rows (environ)
/*!40000 ALTER TABLE `password_reset_tokens` DISABLE KEYS */;
/*!40000 ALTER TABLE `password_reset_tokens` ENABLE KEYS */;

-- Listage de la structure de la table laravel10. perfils
CREATE TABLE IF NOT EXISTS `perfils` (
  `user_id` bigint(20) unsigned NOT NULL,
  `edad` tinyint(3) unsigned NOT NULL,
  `id_profesion` tinyint(3) unsigned DEFAULT NULL,
  `biografia` longtext CHARACTER SET utf8 NOT NULL,
  `website` varchar(128) CHARACTER SET utf8 NOT NULL,
  `created_at` timestamp NULL DEFAULT NULL,
  `updated_at` timestamp NULL DEFAULT NULL,
  `deleted_at` timestamp NULL DEFAULT NULL,
  KEY `perfils_user_id_foreign` (`user_id`),
  CONSTRAINT `perfils_user_id_foreign` FOREIGN KEY (`user_id`) REFERENCES `users` (`id`) ON DELETE CASCADE ON UPDATE CASCADE
) ENGINE=InnoDB DEFAULT CHARSET=utf8mb4 COLLATE=utf8mb4_unicode_ci;

-- Listage des données de la table laravel10.perfils : ~98 rows (environ)
/*!40000 ALTER TABLE `perfils` DISABLE KEYS */;
INSERT INTO `perfils` (`user_id`, `edad`, `id_profesion`, `biografia`, `website`, `created_at`, `updated_at`, `deleted_at`) VALUES
	(3, 43, 9, 'Aut In Beatae Et Occaecati Vel Saepe Dolor Quam Reiciendis Quaerat Officiis Doloribus Rem Quibusdam Modi Ad Ducimus Rerum Doloribus Maiores Doloremque Enim Inventore Vero Distinctio Quia Et Reiciendis Id Esse Ex Officiis Distinctio Odio Praesentium Ut Repudiandae Eum Tempore Voluptas Voluptatem Aut Quia Praesentium Eligendi Rem Ea Voluptas Suscipit Ut Facilis', 'http://delaunay.org/voluptatem-velit-ut-qui', '2023-02-28 19:51:34', '2023-02-28 19:51:34', NULL),
	(4, 56, 9, 'Quaerat Nemo Ut Nisi Qui Natus Nostrum Nostrum Beatae Est Maxime Omnis Non Est Explicabo Adipisci Molestias Saepe Repudiandae Vitae Quo Ex Voluptatem Reprehenderit Voluptas Provident Quas Sint Labore Omnis Excepturi Iusto Corporis Quo Consequuntur Sunt Ut Ratione Qui Et Officiis Animi Eum Explicabo', 'http://bernard.org/quae-quo-quasi-aut-et-sequi', '2023-02-28 19:51:34', '2023-02-28 19:51:34', NULL),
	(5, 51, 3, 'Autem Unde Quo Fugit Quidem Dolorem Sint Et Ut In Qui Fugit Vitae Et Magnam Eum Et Dolore Quae Nostrum Quibusdam Maxime Natus Deleniti Omnis Nostrum Sunt Odit Quo Voluptates Dolor Sequi Tenetur Aperiam Minima Saepe Porro Ut Suscipit Et Voluptas Laboriosam Ut Sed Natus Sit Repellat Ut Neque Accusamus In Neque Est Et Repellendus Consequatur Dicta Non Eum Dolores Dicta Soluta Voluptatum Assumenda Ex', 'https://barbe.org/et-quo-libero-mollitia-dicta-ut-consequatur-voluptate-aliquid.html', '2023-02-28 19:51:35', '2023-02-28 19:51:35', NULL),
	(6, 65, 6, 'Autem Officia Molestiae Id Quaerat Ea In Omnis Rerum Nihil Dolorem At Qui Consectetur In Accusantium Ut Amet Mollitia Architecto Dignissimos Inventore Itaque Impedit Enim Dolore Suscipit Nobis Qui Iste Ut Amet Suscipit Mollitia Asperiores Ipsum Distinctio Sed Saepe Eos Ipsa Quae Et Quasi Aut Debitis Consectetur Cum Ea Iure Nihil Expedita Saepe Et Doloribus Sunt Dolor Reprehenderit Ullam Vel Totam Suscipit Fugiat Nostrum Temporibus Rerum Repellendus Officiis Earum Qui Molestias Cupiditate Debitis Animi Expedita A Quasi Sint Beatae Ut Autem Provident Dolorum Assumenda Provident', 'http://rossi.net/facilis-odit-nemo-nam-accusamus-et.html', '2023-02-28 19:51:35', '2023-02-28 19:51:35', NULL),
	(7, 25, 99, 'Aut Incidunt Magnam Accusantium Et Et Fugiat Porro Voluptates Voluptatem Ipsa Ullam Et Rerum Odio Nulla Et Saepe Natus Vel Et Sapiente Ratione Et Atque Sequi Fugit Voluptates Aut Esse Animi Incidunt Velit Quibusdam Explicabo Veritatis Esse Laborum Numquam Ab Illo Aliquid Deleniti Voluptates Molestias Ea Vitae Repellendus Accusantium Dolor Et Voluptas Quis Atque Corporis', 'http://www.jean.com/ipsum-odit-reprehenderit-cupiditate-voluptas-necessitatibus-excepturi', '2023-02-28 19:51:35', '2023-02-28 19:51:35', NULL),
	(8, 51, 3, 'Possimus Assumenda Eos Provident Ex Ab Voluptates Dolore Et Eligendi Maxime Voluptatem Consequuntur Dolorem Unde Neque Ut Amet Cupiditate Aut Velit Eos Consequatur Omnis Rerum Autem Cum Numquam Id Sapiente Et Qui Sunt Atque At Modi Quos Aut Voluptatum Quam Repellendus', 'https://rey.org/corporis-qui-quae-autem-inventore.html', '2023-02-28 19:51:36', '2023-02-28 19:51:36', NULL),
	(9, 53, 9, 'Asperiores Dolorem Eveniet Exercitationem Facere A Deserunt Suscipit Enim Fugit Omnis Sunt Aut Voluptates Perferendis Voluptatibus Dolorem Non Facilis Perferendis Et Exercitationem Voluptates Et Aperiam Consequuntur Laborum Ea Officia Ex Earum Ut Molestiae Vero Quae Dolor Nemo Sit Ut Vero Ratione Laudantium Voluptas Ratione Eligendi Quo Voluptas Consequuntur Excepturi Aliquam Dolore Ut Saepe Asperiores Quisquam Enim Unde Et Possimus Ea Ea Odit Voluptates Est Rerum Officia Alias', 'http://lucas.com/', '2023-02-28 19:51:36', '2023-02-28 19:51:36', NULL),
	(10, 19, 3, 'Assumenda Ratione Ut Esse Quam Qui Non Possimus Hic Fuga Velit Sit Ut Tenetur Dicta Omnis Repellat Provident Distinctio Sit Quo Id Consectetur Quisquam Maiores Corrupti Et Quo Sit Tempore Molestias Adipisci Sed Rerum Quaerat Est Aut Explicabo', 'http://www.navarro.com/sint-repellat-velit-magnam-voluptates-iusto', '2023-02-28 19:51:36', '2023-02-28 19:51:36', NULL),
	(11, 29, 99, 'Vel Sit Quia Incidunt Accusantium Iste Sint Est Ea Non Assumenda Soluta Assumenda Animi Voluptas Quae Numquam Corrupti Repellat Perferendis Enim Exercitationem Qui Rerum Modi Possimus Fuga Autem Dicta Rerum Ipsum Labore Neque', 'http://didier.com/', '2023-02-28 19:51:36', '2023-02-28 19:51:36', NULL),
	(12, 24, 3, 'Inventore Quam Et In Magni Et Nostrum Labore Ducimus Nisi Et Consequatur Tempore Maiores', 'http://www.duval.com/non-cupiditate-excepturi-omnis-quia-et-sed-libero.html', '2023-02-28 19:51:37', '2023-02-28 19:51:37', NULL),
	(13, 45, 5, 'Omnis Quis Voluptas Nisi Culpa Necessitatibus Vel Nulla Repellat Voluptas Rerum Repellendus Est Ut Tenetur Ipsam Adipisci Quidem Quis Velit Ab Quisquam Ea Eos Enim Voluptates Rerum Debitis Facilis Sint Est Id Consequuntur Nesciunt A Id Sapiente Vero Sint Debitis Aut Molestias In Dicta Quas Voluptas Ut Ducimus Aliquam Velit Quae Qui Quasi Facilis Necessitatibus Repellendus Dicta Dolorem Laudantium Eum Voluptas Blanditiis Alias Reiciendis Ut Ut Beatae Dicta Similique Praesentium Quam Magni Et Architecto', 'http://www.chretien.fr/recusandae-repellat-vel-non-voluptatem', '2023-02-28 19:51:37', '2023-02-28 19:51:37', NULL),
	(14, 20, 6, 'Harum Sit Sunt Odio Tenetur Et Dolor Ab Quidem Voluptatibus Quo Et Commodi Qui Reprehenderit Reprehenderit Dolores Et Maiores Voluptatem Id Aliquam Sed Doloribus Soluta Ducimus Laudantium Ipsum Qui Recusandae Recusandae Velit Ut Eveniet Necessitatibus Est Et Ea Ut Dolores Quia Voluptatem Magni Deleniti Totam Quibusdam Id Voluptatum Voluptatem Non Voluptas Eaque Amet Fugiat Consequatur Aspernatur Eaque Sunt Explicabo Voluptates Tempora Eos Voluptatem Ipsum Sunt Eos Esse Dolorum Quis Et Rem Non Voluptatem Magnam', 'http://delmas.com/nihil-ea-rerum-non-odit-repudiandae.html', '2023-02-28 19:51:37', '2023-02-28 19:51:37', NULL),
	(15, 23, 99, 'Ut Omnis Et Nisi Autem Occaecati Dignissimos Distinctio Dolores Labore Maiores In Quibusdam Nemo Hic Voluptatum Id Amet Nulla Rerum Aut Quis Sed Praesentium Itaque Veritatis Nobis Non Impedit Libero Est Ea Corporis Magni Impedit Magnam Amet Inventore Id Facere Harum Aut Sequi Et Ex Perferendis Perspiciatis Occaecati Repellendus Quod Autem Voluptatem Quis Cum Fugit Ut Nihil Et Temporibus Quisquam Quis Iusto Dignissimos Voluptate Dolorem Inventore Numquam Esse Reprehenderit Veniam Soluta Est Quasi Ut Neque Optio Quia Quis Saepe Enim Similique Voluptatibus Qui Sit Aperiam Voluptatem Et Nam Mollitia Culpa Autem Ut', 'http://lebreton.net/consequatur-animi-temporibus-exercitationem-est-rerum-magni-quo', '2023-02-28 19:51:37', '2023-02-28 19:51:37', NULL),
	(16, 27, 7, 'Ullam Voluptatem Enim Hic Perferendis Voluptas Itaque Blanditiis Quo Itaque Modi Nesciunt Consequatur Doloribus Voluptas Sit Aut Nisi Fugit Sed Rerum Occaecati Voluptates Sint Reprehenderit Sint Amet Maiores Ea Est Rerum A Sint Possimus Molestiae Quod Consectetur At Eos Eligendi Voluptatum Ipsam Praesentium Autem Et Nobis Consequatur Aut Qui Delectus', 'http://guerin.fr/vitae-cupiditate-nostrum-ratione-iure-ipsam-rerum.html', '2023-02-28 19:51:38', '2023-02-28 19:51:38', NULL),
	(17, 57, 9, 'Hic Sunt Temporibus Dolorum Suscipit Veniam Fugit Sit Eos Aliquid Vel Fugiat Dolor Reiciendis Debitis Exercitationem Non Aut Quos Facilis Est Assumenda At Mollitia Aperiam Fuga Doloribus In Tempore Quos Cum Quasi Aliquam Ipsum Ut Consequuntur Et Accusamus Et Voluptas Aspernatur Voluptatem Blanditiis Adipisci Sit Voluptas Et Odit Repudiandae Sed Laudantium Natus Voluptatibus Tempora Tempora Ratione Aut Voluptatem Id Sed Est Assumenda Enim Ex Asperiores Inventore Blanditiis Ut Deleniti Amet Quisquam Sit Rerum Incidunt Vel', 'http://gonzalez.net/rem-voluptas-architecto-necessitatibus-expedita-et-animi-rerum.html', '2023-02-28 19:51:38', '2023-02-28 19:51:38', NULL),
	(18, 24, 8, 'Corrupti Quos Adipisci Cupiditate Voluptatem Laborum Recusandae Beatae Animi Cupiditate Id Accusantium A Commodi Sint Architecto Et Et At Autem Similique Similique Provident Accusantium Magnam Et Accusamus Fugiat Quasi In Error Molestias Nulla Perspiciatis Consequatur Quis Nihil Ipsam Eveniet Velit Inventore Eligendi Sed Earum Dicta Consectetur Et Amet Ullam Dolor Quis Modi Expedita Veritatis Aliquid Totam Ab Adipisci Debitis Facilis', 'http://www.humbert.fr/', '2023-02-28 19:51:38', '2023-02-28 19:51:38', NULL),
	(19, 65, 10, 'Et Ducimus Enim Eaque Vero Voluptate Ullam Sed Sequi Unde Omnis Qui Et Quo Quasi Reiciendis Libero Iste Laborum Non Voluptatem In Vitae Ea Eveniet Laboriosam Deleniti Sit Repellendus Vitae Impedit Sint Nesciunt Porro Minus Rem Et Eveniet Dolores Aut Dolore Qui Provident Accusamus Ex Ea Ut Nihil Nisi Voluptas Incidunt Voluptas Qui Quia Doloremque Doloremque Nostrum Molestiae Et Natus Ea Itaque Hic Excepturi Consequatur Nisi Enim Tenetur Eaque Commodi Natus Alias Tenetur Nam Pariatur Optio Dolores Facilis Fugit Eum Est Cupiditate Ullam Delectus Qui Rerum Soluta', 'http://bodin.org/rerum-corrupti-odio-et-quo-est', '2023-02-28 19:51:39', '2023-02-28 19:51:39', NULL),
	(20, 34, 6, 'Architecto Rerum Ut Magnam Illo Et Suscipit Molestias Iste Accusamus Molestiae Et Quis Cumque Culpa Hic Illo Aut Vitae Corporis Et Exercitationem Accusantium Sed Corporis Enim Qui Ipsum Consequuntur Aut Similique Voluptatem Quisquam Quam Voluptatibus Quo Soluta Deserunt Sunt Neque Consequatur Voluptates Corporis Rerum Animi Et Qui Eaque Quia Id Quia Aut Beatae', 'http://legoff.com/blanditiis-et-placeat-voluptatem', '2023-02-28 19:51:39', '2023-02-28 19:51:39', NULL),
	(21, 46, 10, 'Minima In Corporis Aut Et Odit Facilis Est Earum Consequatur Modi In Et Iure Aspernatur Ut Doloribus Laboriosam Quia Quas Aperiam Dolorem Ipsam Quasi Reprehenderit Eveniet Excepturi Maxime Nesciunt Ipsa Modi Vero Ipsum Et Velit Impedit Vel Temporibus Voluptas Recusandae Ut Tempore Repellendus Est Neque Eligendi Et Autem Ut Architecto Quasi', 'http://fleury.com/tempora-tempora-non-fugit-sequi-beatae-nemo-autem.html', '2023-02-28 19:51:39', '2023-02-28 19:51:39', NULL),
	(22, 38, 6, 'Nulla Velit Blanditiis Iusto Commodi Iste Sint Sapiente Asperiores Minus Vel Quia Ea Ipsa Odit Cupiditate Doloremque Nostrum Animi Quos Debitis Consequatur Tempore Praesentium Quam Ut Ipsa Temporibus Quod Maxime Eos Perferendis Pariatur Odit In Incidunt Repudiandae Qui Laborum Quod Labore Nihil Accusantium Nihil Ad Pariatur Corporis Ex Vel Voluptas Itaque Qui Ea Aut Sunt Sed Nemo Quasi Animi Corrupti Vero', 'http://www.lenoir.net/ducimus-quisquam-sed-dolor-earum-ex-dignissimos-dolor', '2023-02-28 19:51:40', '2023-02-28 19:51:40', NULL),
	(23, 36, 9, 'Quia Quia Aut Deserunt Et Placeat Dolor Nisi Cum Ipsa Soluta Autem Officiis Rerum Voluptatibus Excepturi Nobis Quam Voluptate Ducimus Non Laborum Omnis Cumque Libero Sapiente Officiis Magni Aut Voluptatum', 'https://laurent.com/porro-voluptate-est-reiciendis-quibusdam.html', '2023-02-28 19:51:40', '2023-02-28 19:51:40', NULL),
	(24, 54, 4, 'Animi Animi Deleniti Quia Quidem Delectus Libero Deserunt Illo Quia Illum Placeat Illum Nobis Quia Error Soluta Dolores Laborum', 'http://begue.com/', '2023-02-28 19:51:41', '2023-02-28 19:51:41', NULL),
	(25, 23, 6, 'Architecto Atque Culpa Accusantium Dignissimos In Sunt Aut Numquam Quia Tenetur Consectetur Dolores Animi Delectus Velit Est Est Eum Aut In In Qui Unde Reprehenderit Et Natus Corporis Enim Incidunt Animi Non Perspiciatis Omnis Recusandae Aspernatur Beatae Qui Eveniet Esse Voluptatem Id Suscipit Fugit Ipsam Neque', 'http://www.denis.fr/modi-adipisci-eaque-alias-rem-exercitationem-molestiae.html', '2023-02-28 19:51:41', '2023-02-28 19:51:41', NULL),
	(26, 65, 8, 'Sequi Aperiam Enim Eligendi Omnis Quis Atque Amet Quas Saepe Quod Laborum Exercitationem Blanditiis Vel Sit Sit Quia Ut Provident', 'http://www.brun.com/', '2023-02-28 19:51:42', '2023-02-28 19:51:42', NULL),
	(27, 42, 5, 'Consequatur Quibusdam Est Minima Mollitia Iste Iusto Mollitia Suscipit Et Qui Numquam Animi Et Adipisci Ut Explicabo Totam Dolores Officia Eos Tempora Ut Labore Enim Non Reiciendis Aperiam Pariatur Necessitatibus Reiciendis Doloribus Qui Quo Reprehenderit Aut Reiciendis Eligendi Eos Aperiam Minima Dolorem Ut Voluptatem Et Sit Quaerat Ex Sint Facilis Quam Voluptas Assumenda Placeat Et Quos A Magni Aut Debitis In Eum Officiis Consequatur Accusamus Voluptates Excepturi Temporibus Voluptate Id Aliquam Dolores Excepturi Sunt Repellendus', 'http://klein.org/totam-alias-soluta-non-id-sed', '2023-02-28 19:51:42', '2023-02-28 19:51:42', NULL),
	(28, 56, 7, 'Adipisci Vero Itaque Est Repellat Exercitationem Quaerat Qui Minima Consectetur Consequatur Corrupti Facere Eum Sunt Rerum Fugiat Sint In Accusantium Rerum Molestias Odio Esse Inventore Assumenda Quia Odio Quia Ea Recusandae Aut Et Voluptatem Dolores Praesentium Rerum Quis Aut', 'http://www.baudry.com/ut-cum-incidunt-laborum-numquam-repudiandae', '2023-02-28 19:51:43', '2023-02-28 19:51:43', NULL),
	(29, 62, 99, 'Dolorem Dicta Tenetur Dolorum Magni Quae Voluptatum Quo Excepturi Consequatur Minus Sint Dignissimos Fugit Consequatur Quasi Officia Accusamus Saepe Ipsa Veritatis Harum Praesentium Earum Deserunt Non Modi Consequatur Doloremque Rerum Maxime Aut Unde Culpa Vel Libero Neque Dolores Quos Enim Autem Fuga Repellendus Similique Deserunt Rerum Harum Voluptatem Cumque Qui', 'http://www.pages.fr/assumenda-perferendis-voluptate-unde-nihil-saepe-sapiente-nostrum.html', '2023-02-28 19:51:43', '2023-02-28 19:51:43', NULL),
	(30, 33, 9, 'Voluptatem Ex Porro Officiis Dolor Et Impedit Alias Recusandae Magnam Asperiores Nihil Assumenda Consequatur Quisquam Et', 'https://www.chauveau.com/aut-impedit-asperiores-quis-quas-atque-cupiditate-esse', '2023-02-28 19:51:43', '2023-02-28 19:51:43', NULL),
	(31, 32, 6, 'A Minima Et Qui Tenetur Dolorem Expedita Reprehenderit Voluptatem Molestiae Ut Optio', 'http://www.chauvin.fr/nemo-blanditiis-nostrum-id-repudiandae-error-eum', '2023-02-28 19:51:44', '2023-02-28 19:51:44', NULL),
	(32, 51, 5, 'Omnis Harum Enim Molestiae Sequi Voluptate Voluptas Sunt Accusamus Aut Corporis Esse Ex Placeat Saepe Quas A Labore Excepturi Vel Non Vel Ut Et Aliquid Debitis Nulla Voluptatum Molestiae Officiis Mollitia Deserunt Corporis Sequi Quia In Laudantium Et Totam Excepturi Laudantium In Repellat Nam Accusamus Minus Laborum Rerum Saepe Odio In Quaerat Rerum Voluptatem Nemo Quos Eveniet Nihil Modi Rerum Quasi Soluta', 'http://www.traore.com/doloremque-ut-repellendus-et-in-quo-qui', '2023-02-28 19:51:44', '2023-02-28 19:51:44', NULL),
	(33, 44, 99, 'Hic Vitae Eos Iure Tempora Dolore Vel Cupiditate Sed Adipisci Fuga Fugiat Placeat Ut Mollitia Qui Quo Earum Molestias Perferendis Et Harum Sunt Ut Ipsum Maiores Corrupti Delectus', 'http://www.hebert.fr/repudiandae-et-mollitia-eaque-sapiente', '2023-02-28 19:51:45', '2023-02-28 19:51:45', NULL),
	(34, 56, 10, 'Adipisci Dolorem Odit Et Aut Vitae Exercitationem Illum Exercitationem Placeat Eos Itaque Nostrum Qui Ut Quis Culpa Hic Voluptate Ipsum Expedita Suscipit Corporis A Accusantium Dolores Eos Nam A Quas Eos Excepturi Quae Commodi Quibusdam Ut Eos Voluptas Alias Vitae Et Beatae Exercitationem Ea Ut Cum Adipisci Fuga Sunt Porro Eveniet Aperiam Optio Minima Laudantium Aut Dolores Ex Eos In Consequuntur Sed Repellendus Consequuntur Aut In Sint Modi Praesentium Qui Odio Iure Tempore Laborum Enim Ea Neque Est Qui Non Veniam Voluptatem Voluptas Deleniti Et Ipsa Fugit Iste Rem', 'http://www.gilbert.com/omnis-aut-iure-perspiciatis-eaque-aperiam-rerum', '2023-02-28 19:51:45', '2023-02-28 19:51:45', NULL),
	(35, 29, 5, 'Vel Perferendis Quasi Qui Libero Est Tempora Necessitatibus Rem Repudiandae Est Dolorum Omnis Maiores Impedit Debitis Repudiandae Aspernatur Quo Ad Eos Beatae Explicabo Numquam Iure Est Rem Voluptatum Consequatur Ut Placeat Quia Excepturi Minima Nulla Saepe Deleniti Ut Assumenda Placeat', 'http://leroux.fr/aut-facere-aut-delectus-nihil-assumenda-eius-accusamus-ipsa.html', '2023-02-28 19:51:45', '2023-02-28 19:51:45', NULL),
	(36, 38, 4, 'Nulla Esse Omnis Saepe Debitis Nihil Officia Voluptatem Laboriosam Nihil Id Omnis Voluptatum Dolores Laborum Molestias Occaecati Illo Tempora Voluptatem Nihil Maiores Culpa Iusto Reiciendis Est In Est Dolorem', 'https://www.hebert.fr/occaecati-similique-dolores-culpa-inventore', '2023-02-28 19:51:45', '2023-02-28 19:51:45', NULL),
	(37, 50, 9, 'Est Nihil Magnam Quod Quam Fugit Culpa Non Libero Maxime Autem Maiores Quas Tempore Aut Saepe Ut Quos Quia Labore Ullam Ratione Dolores Doloremque Rerum In Et Libero Id Harum Ipsa Et Tempore Incidunt Est Dicta', 'http://www.bertrand.com/', '2023-02-28 19:51:46', '2023-02-28 19:51:46', NULL),
	(38, 63, 9, 'Consequatur Atque Eum Quibusdam Illo Sed Cupiditate Architecto Cumque Perferendis Nostrum Quae Laboriosam Ut Est Necessitatibus Deserunt Numquam Id Expedita Fuga Nesciunt Quaerat Eum Cum Quis Hic Nemo Eum Quia Ipsa A Dicta Recusandae', 'http://georges.net/', '2023-02-28 19:51:46', '2023-02-28 19:51:46', NULL),
	(39, 53, 2, 'Sint Aut Ad Excepturi Perferendis Sit Expedita Blanditiis Est Deleniti Ducimus Autem Dolores Eum Nihil Dolorum In Voluptates Deserunt Similique Fuga Quo Nisi Tempore Pariatur Quia Exercitationem Voluptas Consequuntur Modi Sunt Autem Inventore Voluptatem Omnis Sit Consequuntur Sequi Error Animi Quaerat Omnis Ducimus Aliquam Eveniet Velit Et Veniam Dignissimos Distinctio Autem Est Hic Saepe Dolor Omnis Laudantium Est Enim Provident Et Error Voluptates Necessitatibus Libero Repellat Ut Excepturi Ut Non Dicta Pariatur Dignissimos Sed Ut Ut Ut Quisquam Facilis Error', 'https://www.paris.com/quis-molestiae-tempore-quisquam-beatae', '2023-02-28 19:51:46', '2023-02-28 19:51:46', NULL),
	(40, 31, 4, 'Eligendi Hic Tempore Placeat Et Ducimus Nihil Quaerat Qui Voluptatem Ut Repellendus Facere Eos Velit Blanditiis Molestiae Amet Vero Asperiores Nihil Laudantium Illo Id In Ipsa Corporis Dolores Et Quae Ut Molestias Vero Sed Eveniet Nihil Quis Dolore Id Neque Nulla Excepturi Temporibus Quo Suscipit Aut Quia Ut Maiores Dignissimos Omnis Nihil Qui Mollitia Aliquid Minus Vel Quibusdam Ad Distinctio Error', 'http://leroy.com/vero-quos-consequatur-in-reiciendis-quia', '2023-02-28 19:51:46', '2023-02-28 19:51:46', NULL),
	(41, 24, 3, 'Sed Sit Quas Qui Quae Eos Necessitatibus Natus Laboriosam Et Eius Impedit Necessitatibus Optio Qui Explicabo Perspiciatis Consequuntur Voluptate Sed Eum Corporis Optio Ut Ad Est Natus Ad Earum In Et Rerum Molestias', 'https://www.allain.fr/sequi-eveniet-officia-aut-ut-eos', '2023-02-28 19:51:47', '2023-02-28 19:51:47', NULL),
	(42, 35, 9, 'Consequatur Beatae Itaque Asperiores Quam Ea Enim Et Quae Veniam Eum Sit Ut Nisi Veritatis Optio Adipisci Quia Deserunt Aliquid Est Eligendi In Iusto Sit Recusandae Earum Dolor Exercitationem Ut', 'http://leblanc.com/', '2023-02-28 19:51:47', '2023-02-28 19:51:47', NULL),
	(43, 36, 8, 'Voluptatem Deserunt Perferendis Repellendus Distinctio Repellat Beatae Hic At Laborum Velit Maxime Inventore Doloribus Officiis Ea Minima Quia Tempora Voluptas Ut Eveniet Occaecati Quis Commodi Sapiente Labore Veniam Libero Ipsam Blanditiis Esse Velit Tenetur Quia Nulla Sed Consequatur', 'http://denis.com/amet-iste-voluptatem-iste-quae-est-non-qui', '2023-02-28 19:51:47', '2023-02-28 19:51:47', NULL),
	(44, 28, 2, 'Est Est Unde Dolorum Est Et Molestias Sequi Ut Nulla Est Dolor Dolorem Ut Mollitia Veritatis Id Vel Mollitia Enim Minima Aliquam Perferendis Est Non Aliquam Qui Maxime Eos Sit Eveniet Rem Est Accusantium Quis Sed Ratione Sit Dolor Aut Aut Quis Quae Officia Dolores Natus Dolorum Natus Laboriosam Eius Iusto Dignissimos Et Eligendi Accusamus Aspernatur Aut Ipsa Harum Unde Et Dignissimos Ipsa Non Sed', 'https://maurice.net/quo-totam-qui-hic-magni.html', '2023-02-28 19:51:47', '2023-02-28 19:51:47', NULL),
	(45, 31, 4, 'Recusandae Quibusdam Hic Voluptatem Sed Est Cupiditate At Odio Minus Incidunt Doloribus Et Quis A Est Officia Dolorum Rerum Suscipit Quam Enim Et Dolore Dolores Consequatur Est Necessitatibus Tempora Sed Natus Odit Ut Culpa Assumenda Et Doloribus Ipsam Eaque Harum A Quis Perferendis Quia Reiciendis Expedita Ut Voluptas Temporibus Impedit Facilis Explicabo Et Veniam Vitae Ratione Architecto Eos Et Aperiam Voluptatem Sed Nulla Voluptatem Laboriosam Laboriosam Natus A Ipsum Minima Qui Ipsam Autem Harum Voluptatem Inventore Et Quas Quia Quae Architecto Id Nemo Eum Modi Labore Officia Inventore Est Neque', 'http://www.foucher.org/', '2023-02-28 19:51:48', '2023-02-28 19:51:48', NULL),
	(46, 56, 6, 'Et Qui Ut Omnis Commodi Magni Velit Officiis Ut Id Aut Laborum Libero Sint Delectus Sed Suscipit Delectus Nesciunt Voluptatum Provident Incidunt Ut Et Sit Fugiat Repellendus', 'http://www.pascal.org/culpa-minima-qui-porro-repellat-dolores', '2023-02-28 19:51:48', '2023-02-28 19:51:48', NULL),
	(47, 27, 7, 'Aut Qui Odit Consequatur Deserunt Quis Est Possimus Beatae Qui Sed Perferendis Pariatur Architecto Quidem Eos Cum Soluta Aut Amet Culpa Deserunt Consectetur Dolor Aut Mollitia Expedita Officia Laborum Possimus Nesciunt Perspiciatis Unde Et Voluptatum Dolor Itaque Est Fuga A Porro Nemo Ut Aut Consequatur Quos Eligendi Et Hic Ut Totam Eligendi Sint Fugiat Tenetur Adipisci Dignissimos Aut Sunt Est Voluptatibus Repellendus Quas Eius Voluptatem Ab Dolorum Eaque Sed Nam Nihil Sed Facere Enim Veritatis Est Aut Eum Nisi Ratione Totam Numquam Quia Optio Alias Qui Tempore', 'http://bonnet.org/excepturi-at-debitis-tenetur-illo-dolorum-nesciunt', '2023-02-28 19:51:48', '2023-02-28 19:51:48', NULL),
	(48, 36, 6, 'Sit Omnis Omnis Optio Suscipit Officia Delectus Mollitia Aliquid Debitis Omnis Et Earum Rerum Pariatur Dolore Totam Tenetur Qui Eum Illo Enim Et Et Nisi Suscipit Qui In Dolor Aut Omnis Sit Ipsa Culpa Rerum Quia Praesentium Impedit Perferendis Velit Et Rem Consectetur Est Non Eligendi Sed Voluptatibus Distinctio Rerum Laudantium Incidunt Quia Laborum Mollitia Harum Sed Voluptas Et Dolorem Et Tempora Minima Debitis Ratione Non Hic Rerum Saepe Vitae Dicta Quidem Quis Ratione Cupiditate Nostrum Corrupti Quis Eos In Est Est Neque Quisquam', 'http://duhamel.fr/ut-tempora-accusamus-tempora-ipsam-incidunt-eum', '2023-02-28 19:51:48', '2023-02-28 19:51:48', NULL),
	(49, 55, 6, 'Enim Ut Et Quis Voluptas Totam Labore Provident Perspiciatis Ab Qui Doloremque Aut Quis Et Et Eos Et Dicta Amet Consectetur Vel Aut Voluptatem Aperiam Tenetur Dignissimos Earum Voluptates Quia Necessitatibus Dicta Et Quis Nulla Voluptates Eaque Vitae Unde Sit Perferendis Quae Dolor Doloremque Rerum Inventore Magni Voluptas Omnis Ab Officiis Deserunt Exercitationem Cum Et Ut Natus Exercitationem Quidem Aperiam Reiciendis Et Quos Distinctio Nihil Accusantium Voluptatem Autem Quibusdam Eveniet Nam Incidunt Adipisci Assumenda Natus Officia Fugit Nisi Facilis Ipsum Eum Et Sit Eaque Eveniet Ut Id Sunt Modi Atque Asperiores Quas', 'http://delannoy.fr/quia-quisquam-rerum-enim-et-odit-omnis', '2023-02-28 19:51:48', '2023-02-28 19:51:48', NULL),
	(50, 18, 9, 'Ratione Officia Sint Ad Voluptas Quibusdam Repudiandae Ullam Dolor Recusandae Sunt Voluptas Magnam Quam Nostrum Sed Voluptate Ut Fugiat Voluptatem Quo Molestiae Omnis Magnam Voluptatem Nesciunt Nesciunt Tempore Inventore Sapiente Impedit Aut Perferendis Ex Numquam Delectus Sed Sint Culpa Autem Voluptates Molestias Sit Ut Praesentium Placeat Non Nihil Numquam Saepe Ut Magnam Libero Aut Nemo Vel Deserunt Eum', 'https://parent.com/id-recusandae-a-ut-unde-minima-eius.html', '2023-02-28 19:51:48', '2023-02-28 19:51:48', NULL),
	(51, 50, 9, 'Aut Qui Sapiente Quibusdam Vel Et Enim Nesciunt Voluptate Molestiae Ullam Et Inventore Autem Voluptatem Sunt Cumque Facere Aut Dignissimos Qui Sed Molestias Qui Quis Nemo Eos Id Quis Quam Quis Aliquid Non Sed Aut', 'https://www.leduc.fr/qui-nemo-voluptate-a-rem-ex-eveniet-nobis', '2023-02-28 19:51:49', '2023-02-28 19:51:49', NULL),
	(52, 25, 2, 'Officia Vitae Id Dolore Nobis Accusamus Dolorum Illo Qui Qui Facere Vero Sed Qui Excepturi Vel Consequatur Amet Porro Nemo Cumque Necessitatibus Similique Incidunt Et Et Debitis Architecto Dolore Repellat Inventore Commodi Corporis Consequuntur Error Quisquam Nobis Et Commodi Dolores Ut Sit Natus Dolore', 'http://www.schmitt.com/tempora-similique-amet-sit-quo-labore-vel-velit-porro', '2023-02-28 19:51:49', '2023-02-28 19:51:49', NULL),
	(53, 62, 10, 'Id Saepe Sit Corporis Qui Eius Aut Quidem Impedit Eligendi Saepe Reprehenderit Expedita Sit Dolor Quisquam Fugiat Et Maxime Nemo Eos Quam Autem Sed Enim Quibusdam Consequatur Dicta Quo Omnis Aspernatur Eum Repudiandae Nulla Magni Aut Sunt Voluptas Itaque Atque Similique Magnam Dolorum Eligendi Eos Est Libero Laboriosam Debitis Laboriosam Ipsum Quae Id Cumque Sit Dolore Eius Fugit Assumenda Itaque Occaecati Porro Repudiandae Quia Nostrum Optio Suscipit Adipisci Consequatur Et Velit Exercitationem Reprehenderit Quae Et Voluptas', 'http://fernandes.com/', '2023-02-28 19:51:49', '2023-02-28 19:51:49', NULL),
	(54, 48, 4, 'Enim Maxime Quas Magni Nesciunt Excepturi Eveniet Nobis Tenetur Et Consectetur Voluptas Aut Nihil Fugit Praesentium Quisquam Magnam Optio Dolores Officia Omnis Unde A Et Suscipit Voluptas Fugit In Rerum At Facere Culpa Vitae Officiis Ex Voluptatum Autem Autem Ipsam Corrupti Deserunt Aut', 'http://francois.com/officiis-adipisci-pariatur-sed-quibusdam-quia-adipisci-assumenda-quia', '2023-02-28 19:51:49', '2023-02-28 19:51:49', NULL),
	(55, 27, 8, 'Vel Repellat Excepturi Temporibus Tempora Quas Quia In Omnis Voluptatem Nesciunt Nisi Quod Nemo Doloribus Sed Vel Fuga Eveniet Aut Consectetur Quas Facilis Doloremque Ipsam Optio A Dolores Velit Voluptatem Asperiores Voluptate Eius Quo Modi Adipisci Mollitia Culpa Et Culpa Cumque Repellat Rem Eos Voluptas Voluptate Et Odio Aspernatur Itaque Et Officia Optio Delectus Suscipit Suscipit Dolores Magnam Nulla Ut Atque Dignissimos Eum Odit Temporibus Repellendus Omnis Autem Dolores Facilis Tempora Dolorem Voluptate Natus Culpa Et Fugiat Error Quaerat Autem Eveniet Et Dolor Illum Hic', 'http://www.jean.fr/', '2023-02-28 19:51:50', '2023-02-28 19:51:50', NULL),
	(56, 20, 3, 'Ut Ab Molestiae Odit Perferendis Odio Minus Iste Porro Minima Quas Quo Ratione In Molestiae Eaque Consequatur Voluptatibus Deleniti Ratione Dolorum Sit Ipsam Nihil Dolorum Cumque Laborum Quia Debitis Id Molestiae Tempora Velit Ab Et Autem Corrupti Eligendi Dolores Enim Veritatis Dolor Laudantium Laborum Voluptatum Quod Dignissimos Sapiente Harum Iste Laudantium Accusamus Et Molestias Molestias Alias Voluptatem Non Minima Incidunt Nisi Corrupti Aliquid Sint', 'http://www.traore.com/numquam-consectetur-porro-est-rerum-quidem-sequi-magni-et', '2023-02-28 19:51:50', '2023-02-28 19:51:50', NULL),
	(57, 61, 3, 'Et Inventore Optio Dolorum Ut Error Voluptates Quibusdam Sed Ea Fuga Officiis Autem Ad Vel Ipsam Quasi Ducimus Officia Quia Sapiente Ut Amet Atque Eligendi Dolorem Nam Tempora', 'https://devaux.fr/itaque-autem-tempora-placeat-unde-esse-ut.html', '2023-02-28 19:51:50', '2023-02-28 19:51:50', NULL),
	(58, 37, 3, 'Saepe Dolore Architecto Quia Qui Dolor Est Voluptas Est Aspernatur Itaque Nihil Tenetur Occaecati Maxime Vero Sit Ut Hic Numquam Eveniet Sed Et Impedit Ipsum', 'https://www.marion.com/voluptatibus-accusamus-quia-perferendis-quos-qui', '2023-02-28 19:51:50', '2023-02-28 19:51:50', NULL),
	(59, 30, 7, 'Quisquam Debitis Dolorem Recusandae Maxime Necessitatibus Ipsam Non Voluptatem Ut Culpa Ducimus Nihil Cum Laborum Minus Aut Autem Earum Adipisci Consequuntur Aliquam Suscipit', 'http://www.goncalves.net/et-consequatur-quia-commodi-enim-ad.html', '2023-02-28 19:51:50', '2023-02-28 19:51:50', NULL),
	(60, 28, 2, 'Aut Dolorem Rerum Doloremque Sapiente Quia Voluptatem Tempora Non Accusamus Eveniet Eius Dolores Consectetur Quis Temporibus Tenetur Odio Quae Consequuntur Doloremque Ratione In Qui Ea Labore Molestiae Ad Delectus Nemo Omnis Tenetur Est Hic Sint Et Totam Hic Aperiam Enim Voluptatem Sit Voluptatem Nemo Voluptatum', 'https://www.lacroix.fr/pariatur-rerum-autem-a-id-qui', '2023-02-28 19:51:51', '2023-02-28 19:51:51', NULL),
	(61, 56, 3, 'Omnis Unde Nesciunt Nulla Ea Est Earum Inventore Accusantium Eos Iusto Debitis In Fuga Sed Alias Illum Vel Explicabo Amet Voluptatem Et Molestias Nostrum Tempora Facilis Id Rem Dignissimos Et Quod Consequatur Architecto Mollitia', 'http://www.hebert.net/nemo-minus-in-dolor-fuga-excepturi-ut-est-in', '2023-02-28 19:51:51', '2023-02-28 19:51:51', NULL),
	(62, 44, 99, 'Qui Ratione Ipsa Itaque Doloremque Ullam Vitae Non Ea Ipsa Debitis Eius Et Ducimus Excepturi Excepturi Eaque Ad Labore Suscipit Cum Culpa Rerum Sint Amet Voluptatibus Reiciendis Praesentium Doloribus Tempora Provident Praesentium Natus Labore Est Odio Ipsum Qui In Magni Dolorum Rem Suscipit Velit Atque Expedita Ut Dolorem Fuga Doloremque Quae Ratione Corporis Et Consequatur Eligendi Recusandae Quasi Alias Earum Saepe Temporibus Et Sed Placeat Dolor Nam Eos Laborum Voluptatem Natus Praesentium Sint Pariatur Dolore Et Ad Necessitatibus Dolorum Dolorem', 'http://www.legoff.com/', '2023-02-28 19:51:51', '2023-02-28 19:51:51', NULL),
	(63, 61, 99, 'Ab Non Ea Sapiente Optio Unde Dolor Id Delectus Delectus Qui Architecto Fugiat Quia Consequuntur Et Beatae Et Autem Aliquam Cupiditate Animi Vel Magnam Aut Nisi Doloribus Aut Sunt Distinctio Voluptatibus Et Voluptates Veritatis Voluptates Qui Vel Est Facere Repellendus Natus Eaque Fuga Delectus Aperiam Dolorem Doloremque Consequatur Magnam Dolor Itaque Maxime Deserunt Nihil Quis Enim Sapiente Distinctio Magni Qui Aperiam Est Voluptatem Animi Illum Molestiae Est Nisi Facilis Sit Ut Repellat Sit Doloremque Qui Itaque Aperiam Qui Ipsum Quam Nam Dolores Sequi Labore Sunt', 'https://blanc.com/error-officia-cupiditate-nostrum-reiciendis.html', '2023-02-28 19:51:51', '2023-02-28 19:51:51', NULL),
	(64, 21, 10, 'Sed Voluptatem Quo Blanditiis Aliquam Quo Non Et Eum Deserunt Incidunt Non Atque Animi Deserunt Corrupti Hic Iusto In', 'http://raynaud.com/', '2023-02-28 19:51:52', '2023-02-28 19:51:52', NULL),
	(65, 51, 2, 'Nemo Qui Itaque Cupiditate Beatae Iste Impedit Dolor Fugit Commodi Repellendus Aut At Expedita Pariatur Ullam Eaque Modi Molestiae Sit Voluptatibus Et Est Numquam Voluptatum Eum Maxime Et Inventore Deserunt Impedit Qui Corporis Et Voluptas Dolorum Ut Voluptate Sit Distinctio Minima Praesentium Enim Laborum Dolorum Id Enim Porro Ullam Rem Delectus Magnam Voluptatem Dolores Non Expedita Et Dignissimos Omnis Veniam Earum Consequatur Fugiat Incidunt Enim Natus Labore Ullam Dignissimos Sit Voluptatem Omnis Nihil Voluptatem Ut Quisquam Est Omnis Nulla Sit', 'http://www.lebreton.fr/', '2023-02-28 19:51:52', '2023-02-28 19:51:52', NULL),
	(66, 18, 6, 'Fuga Nesciunt Ex Culpa Quo Officia Repudiandae Voluptas Cum Est Eos Cum Et Exercitationem Ipsa Ea Ut Sint Nesciunt Et Quia Voluptatem Sunt Sed Consequuntur Tempore Nihil Eos Aliquam Tempore Sunt Suscipit Sed Voluptas Illum Harum Quis Non Itaque Distinctio Delectus Et Aperiam Quisquam Quia', 'http://thibault.com/unde-voluptas-autem-sed-magnam-qui.html', '2023-02-28 19:51:52', '2023-02-28 19:51:52', NULL),
	(67, 25, 10, 'Accusantium Nihil Et Consectetur Quis Dolorem Similique Deleniti Voluptatem Ducimus', 'http://becker.net/', '2023-02-28 19:51:52', '2023-02-28 19:51:52', NULL),
	(68, 44, 7, 'Mollitia Sit Aut Et Perspiciatis Neque Minima Doloremque Aut Consequatur Aut Quo Voluptas Repellendus Quod Ratione Dignissimos Explicabo Nemo Perferendis Id Est Tempora Voluptas', 'http://lopez.com/eum-suscipit-quis-ut-non', '2023-02-28 19:51:52', '2023-02-28 19:51:52', NULL),
	(69, 28, 99, 'Cupiditate Voluptatem Quasi Adipisci Numquam Totam Id Eligendi Praesentium Rerum Quis Dolore Autem Earum Amet Rerum Deleniti Omnis Animi Voluptatum Id Sequi Voluptatem Sed Ea Sapiente Omnis Quam Ut Provident Natus Vel Molestiae Qui Eos Et Natus Architecto Quo In Necessitatibus Ab Quia Repellat Inventore Magni Quam Omnis Odit Quae Itaque Iste', 'http://www.blin.org/iste-cupiditate-illum-ipsa-molestias-ea-at.html', '2023-02-28 19:51:53', '2023-02-28 19:51:53', NULL),
	(70, 33, 8, 'Ducimus Quia Nam Excepturi Illum Quibusdam Doloribus Accusantium Perferendis Minus Totam Possimus Quasi Unde Veritatis Laboriosam Odit Commodi Itaque Incidunt Ut Inventore Aperiam Quaerat Nihil Minima Optio Suscipit A Id Aut Unde Veritatis Vitae Aliquid Eveniet Non Sit Est Vel Beatae Ipsum Eos Nemo Maxime Placeat Corporis Aut Consequatur Sapiente Dolores Et Labore Ipsam Ut Recusandae Enim Et Odio Quam Ea Beatae Totam Reprehenderit', 'http://www.gilbert.fr/id-ab-optio-et-occaecati-et', '2023-02-28 19:51:53', '2023-02-28 19:51:53', NULL),
	(71, 65, 7, 'Ea Iure Atque Harum Commodi Vero Occaecati Eligendi Quasi Voluptatem Libero Consequatur Dolorum Veritatis Qui Cum Est Harum Qui Unde Id Magnam In Ipsam Excepturi Quasi Aliquid Est Sequi Qui Quas Omnis Est Eius Quis Excepturi Quae Illo Ipsa Expedita Dicta Nulla Commodi Aperiam Nihil Veritatis Cumque Ad', 'http://www.texier.com/vel-velit-ut-asperiores-blanditiis-nesciunt.html', '2023-02-28 19:51:53', '2023-02-28 19:51:53', NULL),
	(72, 46, 9, 'Quis Illo Veniam Error Quo Et Maxime Qui Eum Quas Modi Qui Ut Est Est Consequatur Amet Recusandae Repellat Aut Omnis Veritatis Sapiente Doloribus Voluptas Enim Et Porro Nisi Et Quam Consequatur Eum Asperiores Asperiores Quo Provident Saepe A Non Sint Consectetur Est Enim Quas Quo Occaecati Occaecati Voluptatem Soluta Ab Omnis Rem Magni Tempora Est Ex Ratione Illo Facere Unde Fugiat Ut Sit Tempora Hic Et Reprehenderit Enim Necessitatibus Architecto Doloribus Voluptas Ut', 'http://charles.com/omnis-et-ea-quod-sint-enim-aliquam-autem.html', '2023-02-28 19:51:53', '2023-02-28 19:51:53', NULL),
	(73, 59, 3, 'Eum Voluptatum Ut Excepturi Vel Earum Ut Perspiciatis Et Nobis Quisquam Debitis Molestiae Veritatis Facere Accusantium Tempore Voluptatem Nam Et Rerum Ut Temporibus Nihil Ullam Totam Nihil Laboriosam Ipsa Quis Porro Fugiat Omnis Eum Molestiae Quia Sit Sit Sed Perferendis Vel Accusamus Et Veniam Dolorum Qui Qui Saepe Nesciunt Ut Cum Accusantium Sapiente Saepe Quo Eum Quod Numquam Aliquid Doloribus Distinctio Placeat Vero Placeat Nulla Recusandae Dolore Praesentium Ducimus Sed Recusandae Possimus Corrupti', 'http://www.nguyen.org/ut-commodi-nisi-id-et-consequuntur-quidem-itaque-quos.html', '2023-02-28 19:51:53', '2023-02-28 19:51:53', NULL),
	(74, 45, 10, 'Sit Voluptates Eos Quia Ad Quod Enim Dolorum Sapiente Ab Nesciunt Inventore Praesentium Et Est Quia Itaque Dolores Vel Omnis Rem Doloremque Magnam Dicta', 'http://marques.org/eum-quidem-temporibus-ratione-est-cum-sint', '2023-02-28 19:51:53', '2023-02-28 19:51:53', NULL),
	(75, 43, 6, 'In Itaque Perferendis Porro Sed Itaque Nemo Suscipit Nulla Rerum Nisi Aut Ut Molestias Facilis Sit Dolores Nihil Possimus Sunt Ullam Enim Aut Aliquam Eum Molestias', 'http://www.pascal.org/nesciunt-quidem-voluptatibus-delectus-est', '2023-02-28 19:51:54', '2023-02-28 19:51:54', NULL),
	(76, 58, 4, 'Doloribus Consequatur Dolore Repudiandae Beatae Laboriosam Nihil Ex Qui Consequatur Voluptate Quos Perspiciatis Et Exercitationem Adipisci Reprehenderit Iure Consequatur Minima Ad Et Rem Harum Qui Ut Neque Sed Temporibus Aliquid Esse Magnam Est At Ut Voluptas', 'http://www.morin.org/dolores-tempora-mollitia-perspiciatis-in-sed-vel-nostrum', '2023-02-28 19:51:54', '2023-02-28 19:51:54', NULL),
	(77, 62, 4, 'Exercitationem Voluptatibus Nulla Et Ut Voluptates Tenetur Natus Aut Atque Quis Odit Quidem Assumenda Temporibus Assumenda Nam Aut Officia Repudiandae Velit Optio Quae Expedita Ullam Ea Possimus Nostrum Enim Neque Tempore Tenetur Voluptate At Similique Inventore Enim Saepe Reiciendis Quo Dolorem Consequatur Et Hic Explicabo Quibusdam Ut Maxime Et Quibusdam Qui Ad Et Sed Veritatis Ab Expedita Enim Ipsam Sed Omnis Ut Sunt Deserunt Consequatur Qui Dolore Quaerat A Consequatur Eum Quaerat Sequi', 'http://noel.net/dicta-cumque-sint-in-ad-voluptatem-corrupti', '2023-02-28 19:51:54', '2023-02-28 19:51:54', NULL),
	(78, 59, 6, 'Cum Rerum Id Velit Recusandae Omnis Dolor Cumque Ut Magnam Possimus Cum Soluta Asperiores Perspiciatis Repellendus Alias Facilis Corporis Est Velit Consequatur Qui Neque Asperiores Eos Sint Fuga Voluptatem Nihil Ut Itaque Cumque Aut Blanditiis Iste Eveniet Culpa Voluptate Beatae Deserunt Architecto Consequatur Repellendus Quam Qui Quia Natus Facilis Reprehenderit Consectetur Quam Veniam Est Provident Id Quidem Consectetur Ad', 'http://www.bourgeois.fr/', '2023-02-28 19:51:54', '2023-02-28 19:51:54', NULL),
	(79, 33, 5, 'Quam Laboriosam Magni Officia Atque Fugit Dolores Vitae Voluptatem Voluptas Sint Sed Facilis Perferendis Sed Quibusdam Magni Rerum Labore Maxime', 'http://herve.net/', '2023-02-28 19:51:55', '2023-02-28 19:51:55', NULL),
	(80, 58, 7, 'Cum Sapiente Ex Ipsa Tempora Quos Quo Aperiam Magnam Quo Aliquam Hic Eos Sed Consequatur Nihil Est Doloribus Sint At Asperiores Molestias Non Nisi Autem Delectus Delectus Laudantium Tempora Cumque Earum Rem Rerum Delectus Similique Consequatur Fugiat Quisquam Et Neque Velit Quos Corporis Fuga Exercitationem Dolorum Alias Dolorum Ullam Ut Reprehenderit Laborum Soluta', 'http://guibert.fr/tempora-eos-debitis-error-molestiae-fuga-repellat.html', '2023-02-28 19:51:55', '2023-02-28 19:51:55', NULL),
	(81, 21, 5, 'Aut Consequatur Eveniet Dolorem Similique Consequatur Nihil Vero Saepe Optio Fuga Delectus Doloribus Doloremque Ut Quam Possimus Eligendi Et Architecto Voluptas Perferendis Eos Aut Amet Et Nostrum Voluptas Totam Totam Qui Voluptatum Expedita Corrupti Et Quia Ipsam Sint Nulla Aliquam Porro Quisquam Voluptatum Sunt Omnis Totam Laudantium Omnis Quas Dignissimos Voluptatem', 'https://imbert.fr/cupiditate-explicabo-impedit-aut-velit-consectetur.html', '2023-02-28 19:51:55', '2023-02-28 19:51:55', NULL),
	(82, 43, 2, 'Facilis Eos Similique Natus At Libero Architecto Minima Omnis Delectus Eligendi Deserunt Veritatis Ea Aperiam Sit Ea Facere Iste Provident Praesentium Non Velit Et Fugit Totam Ut Suscipit Hic Qui Ipsam Laudantium Qui', 'http://www.mendes.com/sit-quaerat-totam-commodi', '2023-02-28 19:51:55', '2023-02-28 19:51:55', NULL),
	(83, 55, 3, 'Earum Vel Eaque Sunt Ea Odit Molestias Vel Tempora Odio', 'https://clerc.fr/corporis-enim-est-inventore-sit-facere-voluptas.html', '2023-02-28 19:51:55', '2023-02-28 19:51:55', NULL),
	(84, 26, 8, 'Et Quas Nobis Maiores Exercitationem Sit Laboriosam Dolorum Quae Distinctio Perferendis Consequatur Omnis Est Qui Aperiam Nam Qui Atque Voluptatem Facere Animi Hic Aspernatur Consequatur Eos Asperiores Praesentium Vel Velit Ut Aut Nobis Facilis Illo Quis Aut Ea Dolorum Fugiat Recusandae Ea Occaecati Eum Ea Maxime Ducimus Laudantium Quo Voluptas Qui Enim Velit Quis Velit Labore Non Aut Id Sed Et Reiciendis Eum Vel Mollitia Harum Consectetur Laudantium Delectus Impedit Qui Cupiditate Sed Molestiae Qui Pariatur Exercitationem Est Aut Numquam Qui Saepe Doloremque Quae Nulla', 'http://leconte.org/vero-non-harum-et-illum-non', '2023-02-28 19:51:56', '2023-02-28 19:51:56', NULL),
	(85, 45, 5, 'Ipsum Distinctio Numquam Veritatis Maiores Accusamus Autem Quae Sed Quia Est Placeat Qui Animi Eos Maiores Nisi Voluptatem Suscipit Inventore Corporis Perferendis Culpa Quod Laboriosam Ipsam Aut Impedit Esse Ut Ipsa Praesentium Cumque Placeat Consectetur Rem Et Expedita Porro Fugit Id Ipsum Reiciendis Labore Asperiores', 'http://gomes.fr/quos-quam-quasi-alias-sit-et-odit-aut.html', '2023-02-28 19:51:56', '2023-02-28 19:51:56', NULL),
	(86, 60, 2, 'Et Sapiente Ut Minima Rerum Quae Perspiciatis Aut Aliquid Est Excepturi Autem Dolor Vel Iure Quo Natus Laudantium Aperiam Et Optio Sit Soluta Non Quo Ipsa Vitae Quas Et Pariatur Nihil Consequatur Fugiat Neque Et Voluptas Excepturi Officia Aut A Consequuntur Voluptatum Porro Amet Sit A Qui Maxime Officiis Quo Voluptatem Aperiam Quisquam Aspernatur Labore Et Quia Natus Non Eligendi Aperiam Officiis Dolore Totam Suscipit Reprehenderit Architecto Recusandae Quas Est Voluptatem Nemo Voluptatem Eum Cupiditate Rem Velit Repellat Corrupti Eos', 'http://www.lemaitre.com/dolores-repellendus-sequi-culpa', '2023-02-28 19:51:56', '2023-02-28 19:51:56', NULL),
	(87, 33, 99, 'Animi Impedit Deleniti Ratione Velit Ut Et Eos Assumenda Vel Modi Quo Fuga Unde Ut Omnis Accusantium Neque Et Animi Numquam Repellat Dolorem Quos Occaecati Natus Dicta Odio Reprehenderit Ut Enim Qui Eum Est Nihil Tenetur Id Cumque Eos Corrupti Assumenda Corporis Occaecati Et Saepe Sequi Dolorem Iusto Veniam Illum', 'http://www.guichard.com/corrupti-voluptatem-minus-amet-enim.html', '2023-02-28 19:51:56', '2023-02-28 19:51:56', NULL),
	(88, 22, 4, 'Dolor Accusamus Adipisci Fugit Molestiae Sit Et Eos Facilis Quasi Ut Velit Quidem Numquam Et Libero Et Esse Molestiae Modi Incidunt Voluptas Aut Eum Temporibus Est Modi', 'https://renard.org/numquam-alias-delectus-assumenda-veniam-consequatur-porro-unde.html', '2023-02-28 19:51:57', '2023-02-28 19:51:57', NULL),
	(89, 30, 5, 'Velit Quia Molestiae Ipsam Assumenda Ex Odio In Veniam Exercitationem Quisquam Voluptatum Quae Dicta Eos Dolor Ipsum Sed Illum Rerum Dolorem Perferendis Et Cum Numquam Delectus Minima Corporis Aliquam Ipsa Cum Sint Aut Aliquam Voluptatem Doloremque Tempore Dolor Architecto Illum Dolorum Minus Harum Quod Praesentium Ad Rerum Nobis Nisi Eos Nostrum Voluptates Ut Non Dolores Placeat Debitis Qui Unde Voluptas Cum Nihil Non Et Autem Maiores Cupiditate Qui Et Veritatis Ut Dolorum Ea Placeat', 'http://lecoq.net/nobis-voluptatibus-et-nam-quam-veritatis-saepe-qui', '2023-02-28 19:51:57', '2023-02-28 19:51:57', NULL),
	(90, 28, 3, 'Cupiditate Voluptatem Excepturi Consequatur Id Est Enim Labore Rerum Soluta Cumque Harum Fuga Unde Velit Deserunt In Placeat Cupiditate Ea Aut Assumenda Quia Sunt Soluta Earum Aut Veritatis Voluptas Provident Enim Voluptatem Eaque Quia Nobis Tenetur Voluptatem Vitae Quae Deleniti Id Non Mollitia Qui Nulla Quia Velit Magni Accusantium Consequatur Voluptatem Quisquam Odit Quis Aliquid Asperiores Omnis Ullam At Eos Illo Quo Dolor Laboriosam Ex Impedit Suscipit Quo Voluptatem Doloremque Provident Ab Odit Et Dolorem Cumque Aperiam Laborum Quisquam Qui Ipsa Asperiores Fugiat Ipsa Pariatur', 'http://www.lenoir.net/est-quia-iure-est-et-eligendi.html', '2023-02-28 19:51:57', '2023-02-28 19:51:57', NULL),
	(91, 40, 3, 'Et Architecto Culpa Velit Sapiente Doloremque Quisquam Temporibus Placeat Atque Esse Est Minus Amet Distinctio Libero Omnis Et Et Eum Explicabo Totam Voluptatem Qui Cupiditate Vitae Dolores Quia Nihil Iste Aut Mollitia Pariatur Fugit Porro Magni Sit Aliquid Impedit Ea In Pariatur Voluptatem Dolor Ut Magni Odit Adipisci Placeat Et Modi Culpa Amet Non Natus Dolores Quibusdam', 'https://dupont.com/distinctio-at-sunt-qui-vel-provident.html', '2023-02-28 19:51:57', '2023-02-28 19:51:57', NULL),
	(92, 36, 3, 'Voluptas Voluptas Voluptatem Molestias Voluptatum Ullam Repellat Id Consequatur Ullam Molestiae Nostrum Voluptatum Repudiandae Est Architecto Quam Autem Quia Voluptatem Distinctio Doloribus Dignissimos Quae Natus Rerum Ipsa Ut Quidem Est Eius Molestiae Quasi Voluptas Et Quam Et Saepe Cumque Quia Laborum Ut Exercitationem Et Nesciunt Consequatur Vel Qui Facere Laudantium Tenetur Ut Tenetur Qui Velit Aut Eos Corporis Odit Animi Tempore Quia Ipsum Et Commodi Ut Veritatis Quia Est Facilis Accusamus', 'http://www.dubois.com/deserunt-molestias-rerum-aut-qui-soluta-non-fuga-ipsa', '2023-02-28 19:51:57', '2023-02-28 19:51:57', NULL),
	(93, 47, 5, 'Ex In Aut Vero Soluta Ipsum Molestiae Voluptas Voluptatem Aperiam Nobis Minima Quidem Aperiam Perferendis Cumque Laudantium Soluta Reprehenderit Asperiores Laborum Molestiae Officia Dolor Sit Error Exercitationem Totam Nostrum Enim Illo Iste Quis Dolore Et Debitis Animi Culpa Et Assumenda In Minus Corporis Aspernatur Ad Reprehenderit Non Cupiditate Sed Adipisci Modi Ex Et Est Similique Harum Voluptatibus A Qui Provident Repellendus Culpa Recusandae Quae Reprehenderit Tenetur Et Sit Rem Qui Adipisci Et Maxime Doloremque Facere Eum Error Ut Doloremque Enim Ipsam Unde Voluptatem Ut Sapiente', 'http://gonzalez.fr/delectus-nihil-reiciendis-quod-officiis-eveniet-dolore-rerum', '2023-02-28 19:51:57', '2023-02-28 19:51:57', NULL),
	(94, 37, 8, 'Tempore Nisi Ut Libero Maxime Corrupti Non Rerum Natus Deleniti Veniam Blanditiis Voluptates Consectetur Unde Dolor Iste Quo Ut Saepe Distinctio Doloremque Labore Et Quae Perspiciatis Eum Aut Qui Totam Quia Voluptatem Qui Quod Error Officia Optio Dolorum Sunt Suscipit Magnam Voluptatibus Quam Optio Eligendi Repudiandae Minima Et Doloremque Nam Nihil Quia Rerum Facilis Recusandae Et Voluptate Molestiae Qui Voluptate Porro Est Incidunt Consequatur Quam Officia Cupiditate Adipisci Quo Nihil Ut Quia Veritatis Animi Ab Vel Maiores Voluptas Debitis Eum Vitae Voluptatum Et Aut Consequatur Sit At Velit Autem Earum Impedit Ab Quo', 'http://clerc.com/', '2023-02-28 19:51:57', '2023-02-28 19:51:57', NULL),
	(95, 46, 9, 'Eveniet Laudantium Et Qui Asperiores Dicta Est Corrupti Ratione Ut Architecto Voluptatibus Consequuntur Necessitatibus Accusantium Eos Animi Quos Voluptatum Necessitatibus Omnis Facere Et Aperiam Ex In Praesentium Aut Qui Possimus At Id Vero Commodi Hic Dolores Id Tenetur Aut Tenetur Aliquam Saepe Dignissimos Et Voluptatem Blanditiis Nulla Nulla Voluptatem Fugiat Et Quia Et Maiores Quia Et Ratione Aut Dolorem Dolor Sunt Architecto Sit Quia Quibusdam Et', 'http://payet.org/', '2023-02-28 19:51:58', '2023-02-28 19:51:58', NULL),
	(96, 50, 9, 'Repellendus Modi Dolor At Iusto Iusto Aliquam Modi Eaque Nemo Eum Vel Sunt Rerum Officiis Nesciunt Eos Dolores Aut Recusandae Sunt Vitae Voluptas Odit Eos Ad Expedita Dolorem Deserunt Temporibus Consequatur Ab Vitae Assumenda Dolorem Voluptatem Doloribus Molestiae Laudantium Iste Ipsa Quia Magnam Provident Dolorem Ea Voluptatem Esse Autem Atque Tempore Vitae In Doloremque Sit Recusandae Porro Quis Non Dolorum Sed Qui Nesciunt Consectetur Deserunt Ut Iste Voluptas Sequi Iste Corporis Dolor Quia Voluptatem Amet Aperiam Voluptates Asperiores Et Est Eligendi Laborum Ratione Dolores Maiores Eius Architecto Debitis Placeat Rerum Doloremque Omnis', 'https://www.guyon.fr/quos-dolorem-ex-cumque-velit-velit', '2023-02-28 19:51:58', '2023-02-28 19:51:58', NULL),
	(97, 55, 10, 'Consequatur Ullam Eos Perferendis Asperiores Asperiores Rerum Facilis In Accusantium Non Commodi Dolor Cupiditate Quia Recusandae Nesciunt Id Illo Nesciunt Architecto Omnis Optio Aut Dolore Dicta Voluptate Occaecati Sapiente Labore Ea Aliquid Culpa Vel Facilis Culpa Vel Quis Adipisci Qui Voluptates', 'http://seguin.com/animi-facere-eveniet-neque-error-eum-rerum', '2023-02-28 19:51:58', '2023-02-28 19:51:58', NULL),
	(98, 38, 5, 'Velit Voluptas Sed Aut Eveniet Rem Eaque Velit Dolorum Itaque Distinctio Animi Debitis Necessitatibus Consequatur Iusto Inventore Quaerat Iste Dicta Voluptatum Nihil Deleniti Sed Omnis Tempora Quos Quod Voluptatum Voluptatum Qui Voluptatem Magnam Libero Neque Alias Explicabo Cum Et Et Recusandae Rerum Et Ut Et Non Neque Et Architecto Soluta Nobis Et Saepe Ea Ut Est Nihil Similique Ipsam Sed Non Repudiandae Doloremque Earum Esse Maiores Vel', 'http://www.durand.com/consequatur-aut-magnam-ea-eum', '2023-02-28 19:51:58', '2023-02-28 19:51:58', NULL),
	(99, 20, 10, 'Inventore Ut Voluptatem Expedita Quod Nobis Debitis Doloribus Perspiciatis Ut Omnis Rem Distinctio In Eius Porro Sed Voluptatem Ab Nihil Quibusdam Voluptates Vero Quia Libero Dolorem Iure Alias Ut Quis Ea Repellendus Et Voluptas Perferendis Pariatur Dolorum Dolorum Explicabo Vel Aut Quo Iste Provident In Minima Minima Voluptas Id Repudiandae Reiciendis Et Labore Aperiam Odio Veniam Sed Impedit Et Quia Velit Quia Eius Fugiat Autem Maxime Fuga Nisi Facere Ipsam Corporis Ab Aperiam Laudantium Rerum Ipsum Sit Rem Praesentium Aperiam Soluta Sed Eius Neque Expedita Vel Vero Illum Doloribus Error Officiis', 'https://lambert.com/nobis-et-quaerat-corrupti-ut-accusantium-dolor.html', '2023-02-28 19:51:59', '2023-02-28 19:51:59', NULL),
	(100, 63, 6, 'Laborum Quae Quia Dignissimos At Corporis Distinctio Sit Ducimus Quia Nihil Laudantium Minima Porro Omnis Necessitatibus Harum Est Corrupti Voluptatem Qui Velit Id Iusto Quasi Velit Incidunt Quis Corporis Quae Eligendi Veritatis Omnis Tenetur Aut Explicabo Quis Occaecati Quas Atque Laboriosam Omnis Et Eos Ipsa Dolorum Est Non Ut Reprehenderit Pariatur Error Pariatur Excepturi Maxime Labore Nesciunt Qui Modi Et Molestias Enim Omnis Dolor Repudiandae Voluptatibus Sunt Ut Est Ut Aut Sunt Quia Laborum Sunt Nulla', 'http://www.potier.fr/', '2023-02-28 19:51:59', '2023-02-28 19:51:59', NULL);
/*!40000 ALTER TABLE `perfils` ENABLE KEYS */;

-- Listage de la structure de la table laravel10. permissions
CREATE TABLE IF NOT EXISTS `permissions` (
  `id` bigint(20) unsigned NOT NULL AUTO_INCREMENT,
  `name` varchar(255) COLLATE utf8mb4_unicode_ci NOT NULL,
  `guard_name` varchar(255) COLLATE utf8mb4_unicode_ci NOT NULL,
  `created_at` timestamp NULL DEFAULT NULL,
  `updated_at` timestamp NULL DEFAULT NULL,
  PRIMARY KEY (`id`),
  UNIQUE KEY `permissions_name_guard_name_unique` (`name`,`guard_name`)
) ENGINE=InnoDB AUTO_INCREMENT=17 DEFAULT CHARSET=utf8mb4 COLLATE=utf8mb4_unicode_ci;

-- Listage des données de la table laravel10.permissions : ~16 rows (environ)
/*!40000 ALTER TABLE `permissions` DISABLE KEYS */;
INSERT INTO `permissions` (`id`, `name`, `guard_name`, `created_at`, `updated_at`) VALUES
	(1, 'user create', 'web', '2023-02-28 19:51:12', '2023-02-28 19:51:12'),
	(2, 'user read', 'web', '2023-02-28 19:51:12', '2023-02-28 19:51:12'),
	(3, 'user update', 'web', '2023-02-28 19:51:12', '2023-02-28 19:51:12'),
	(4, 'user delete', 'web', '2023-02-28 19:51:12', '2023-02-28 19:51:12'),
	(5, 'create', 'web', '2023-02-28 19:51:12', '2023-02-28 19:51:12'),
	(6, 'read', 'web', '2023-02-28 19:51:12', '2023-02-28 19:51:12'),
	(7, 'update', 'web', '2023-02-28 19:51:12', '2023-02-28 19:51:12'),
	(8, 'delete', 'web', '2023-02-28 19:51:13', '2023-02-28 19:51:13'),
	(9, 'cliente create', 'web', '2023-02-28 19:51:13', '2023-02-28 19:51:13'),
	(10, 'cliente read', 'web', '2023-02-28 19:51:13', '2023-02-28 19:51:13'),
	(11, 'cliente update', 'web', '2023-02-28 19:51:13', '2023-02-28 19:51:13'),
	(12, 'cliente delete', 'web', '2023-02-28 19:51:13', '2023-02-28 19:51:13'),
	(13, 'vendedor create', 'web', '2023-02-28 19:51:13', '2023-02-28 19:51:13'),
	(14, 'vendedor read', 'web', '2023-02-28 19:51:13', '2023-02-28 19:51:13'),
	(15, 'vendedor update', 'web', '2023-02-28 19:51:13', '2023-02-28 19:51:13'),
	(16, 'vendedor delete', 'web', '2023-02-28 19:51:13', '2023-02-28 19:51:13');
/*!40000 ALTER TABLE `permissions` ENABLE KEYS */;

-- Listage de la structure de la table laravel10. personal_access_tokens
CREATE TABLE IF NOT EXISTS `personal_access_tokens` (
  `id` bigint(20) unsigned NOT NULL AUTO_INCREMENT,
  `tokenable_type` varchar(255) COLLATE utf8mb4_unicode_ci NOT NULL,
  `tokenable_id` bigint(20) unsigned NOT NULL,
  `name` varchar(255) COLLATE utf8mb4_unicode_ci NOT NULL,
  `token` varchar(64) COLLATE utf8mb4_unicode_ci NOT NULL,
  `abilities` text COLLATE utf8mb4_unicode_ci,
  `last_used_at` timestamp NULL DEFAULT NULL,
  `expires_at` timestamp NULL DEFAULT NULL,
  `created_at` timestamp NULL DEFAULT NULL,
  `updated_at` timestamp NULL DEFAULT NULL,
  PRIMARY KEY (`id`),
  UNIQUE KEY `personal_access_tokens_token_unique` (`token`),
  KEY `personal_access_tokens_tokenable_type_tokenable_id_index` (`tokenable_type`,`tokenable_id`)
) ENGINE=InnoDB DEFAULT CHARSET=utf8mb4 COLLATE=utf8mb4_unicode_ci;

-- Listage des données de la table laravel10.personal_access_tokens : ~0 rows (environ)
/*!40000 ALTER TABLE `personal_access_tokens` DISABLE KEYS */;
/*!40000 ALTER TABLE `personal_access_tokens` ENABLE KEYS */;

-- Listage de la structure de la table laravel10. roles
CREATE TABLE IF NOT EXISTS `roles` (
  `id` bigint(20) unsigned NOT NULL AUTO_INCREMENT,
  `name` varchar(255) COLLATE utf8mb4_unicode_ci NOT NULL,
  `guard_name` varchar(255) COLLATE utf8mb4_unicode_ci NOT NULL,
  `created_at` timestamp NULL DEFAULT NULL,
  `updated_at` timestamp NULL DEFAULT NULL,
  PRIMARY KEY (`id`),
  UNIQUE KEY `roles_name_guard_name_unique` (`name`,`guard_name`)
) ENGINE=InnoDB AUTO_INCREMENT=6 DEFAULT CHARSET=utf8mb4 COLLATE=utf8mb4_unicode_ci;

-- Listage des données de la table laravel10.roles : ~5 rows (environ)
/*!40000 ALTER TABLE `roles` DISABLE KEYS */;
INSERT INTO `roles` (`id`, `name`, `guard_name`, `created_at`, `updated_at`) VALUES
	(1, 'user', 'web', '2023-02-28 19:51:13', '2023-02-28 19:51:13'),
	(2, 'moderator', 'web', '2023-02-28 19:51:14', '2023-02-28 19:51:14'),
	(3, 'cliente', 'web', '2023-02-28 19:51:14', '2023-02-28 19:51:14'),
	(4, 'vendedor', 'web', '2023-02-28 19:51:14', '2023-02-28 19:51:14'),
	(5, 'admin', 'web', '2023-02-28 19:51:15', '2023-02-28 19:51:15');
/*!40000 ALTER TABLE `roles` ENABLE KEYS */;

-- Listage de la structure de la table laravel10. role_has_permissions
CREATE TABLE IF NOT EXISTS `role_has_permissions` (
  `permission_id` bigint(20) unsigned NOT NULL,
  `role_id` bigint(20) unsigned NOT NULL,
  PRIMARY KEY (`permission_id`,`role_id`),
  KEY `role_has_permissions_role_id_foreign` (`role_id`),
  CONSTRAINT `role_has_permissions_permission_id_foreign` FOREIGN KEY (`permission_id`) REFERENCES `permissions` (`id`) ON DELETE CASCADE,
  CONSTRAINT `role_has_permissions_role_id_foreign` FOREIGN KEY (`role_id`) REFERENCES `roles` (`id`) ON DELETE CASCADE
) ENGINE=InnoDB DEFAULT CHARSET=utf8mb4 COLLATE=utf8mb4_unicode_ci;

-- Listage des données de la table laravel10.role_has_permissions : ~32 rows (environ)
/*!40000 ALTER TABLE `role_has_permissions` DISABLE KEYS */;
INSERT INTO `role_has_permissions` (`permission_id`, `role_id`) VALUES
	(1, 1),
	(2, 1),
	(3, 1),
	(4, 1),
	(5, 2),
	(6, 2),
	(7, 2),
	(8, 2),
	(9, 3),
	(10, 3),
	(11, 3),
	(12, 3),
	(13, 4),
	(14, 4),
	(15, 4),
	(16, 4),
	(1, 5),
	(2, 5),
	(3, 5),
	(4, 5),
	(5, 5),
	(6, 5),
	(7, 5),
	(8, 5),
	(9, 5),
	(10, 5),
	(11, 5),
	(12, 5),
	(13, 5),
	(14, 5),
	(15, 5),
	(16, 5);
/*!40000 ALTER TABLE `role_has_permissions` ENABLE KEYS */;

-- Listage de la structure de la table laravel10. sessions
CREATE TABLE IF NOT EXISTS `sessions` (
  `id` varchar(255) COLLATE utf8mb4_unicode_ci NOT NULL,
  `user_id` bigint(20) unsigned DEFAULT NULL,
  `ip_address` varchar(45) COLLATE utf8mb4_unicode_ci DEFAULT NULL,
  `user_agent` text COLLATE utf8mb4_unicode_ci,
  `payload` longtext COLLATE utf8mb4_unicode_ci NOT NULL,
  `last_activity` int(11) NOT NULL,
  PRIMARY KEY (`id`),
  KEY `sessions_user_id_index` (`user_id`),
  KEY `sessions_last_activity_index` (`last_activity`)
) ENGINE=InnoDB DEFAULT CHARSET=utf8mb4 COLLATE=utf8mb4_unicode_ci;

-- Listage des données de la table laravel10.sessions : ~2 rows (environ)
/*!40000 ALTER TABLE `sessions` DISABLE KEYS */;
INSERT INTO `sessions` (`id`, `user_id`, `ip_address`, `user_agent`, `payload`, `last_activity`) VALUES
	('m6CZB5PAEY5pqrKb8K7c1pv6jM8eQe6pPZEWRNaK', NULL, '127.0.0.1', 'Mozilla/5.0 (Windows NT 10.0; Win64; x64) AppleWebKit/537.36 (KHTML, like Gecko) Chrome/111.0.0.0 Safari/537.36', 'YTozOntzOjY6Il90b2tlbiI7czo0MDoiV3F0TGxpTU8xa0ZjOXExYUZwU2wzMUdtamtSUTZGUnVsSm1ybVFaeSI7czo5OiJfcHJldmlvdXMiO2E6MTp7czozOiJ1cmwiO3M6MjE6Imh0dHA6Ly8xMjcuMC4wLjE6ODAwMCI7fXM6NjoiX2ZsYXNoIjthOjI6e3M6Mzoib2xkIjthOjA6e31zOjM6Im5ldyI7YTowOnt9fX0=', 1680644212),
	('MhzbI0YjgQqqShjegu5RgEBkB1jpHhRQSmY7XW29', NULL, '127.0.0.1', 'Mozilla/5.0 (Windows NT 10.0; Win64; x64) AppleWebKit/537.36 (KHTML, like Gecko) Chrome/111.0.0.0 Safari/537.36', 'YTozOntzOjY6Il90b2tlbiI7czo0MDoiV2pKdTFWRXlnNUgyVHpobXU4QUs4ZktwZG5FUkY1R2M3bjdIVVcyYSI7czo5OiJfcHJldmlvdXMiO2E6MTp7czozOiJ1cmwiO3M6MjE6Imh0dHA6Ly8xMjcuMC4wLjE6ODAwMCI7fXM6NjoiX2ZsYXNoIjthOjI6e3M6Mzoib2xkIjthOjA6e31zOjM6Im5ldyI7YTowOnt9fX0=', 1680726907);
/*!40000 ALTER TABLE `sessions` ENABLE KEYS */;

-- Listage de la structure de la table laravel10. tablas
CREATE TABLE IF NOT EXISTS `tablas` (
  `tabla` bigint(20) NOT NULL,
  `tabla_id` bigint(20) NOT NULL,
  `nombre` varchar(45) CHARACTER SET utf8 NOT NULL,
  `descripcion` varchar(128) CHARACTER SET utf8 DEFAULT NULL,
  `activo` tinyint(1) DEFAULT '1',
  `valor1` decimal(8,2) DEFAULT NULL,
  `valor2` varchar(128) COLLATE utf8mb4_unicode_ci DEFAULT NULL,
  `valor3` tinyint(1) DEFAULT '0',
  `created_at` timestamp NULL DEFAULT NULL,
  `updated_at` timestamp NULL DEFAULT NULL,
  `deleted_at` timestamp NULL DEFAULT NULL,
  PRIMARY KEY (`tabla`,`tabla_id`),
  KEY `tablas_nombre_index` (`nombre`)
) ENGINE=InnoDB DEFAULT CHARSET=utf8mb4 COLLATE=utf8mb4_unicode_ci;

-- Listage des données de la table laravel10.tablas : ~26 rows (environ)
/*!40000 ALTER TABLE `tablas` DISABLE KEYS */;
INSERT INTO `tablas` (`tabla`, `tabla_id`, `nombre`, `descripcion`, `activo`, `valor1`, `valor2`, `valor3`, `created_at`, `updated_at`, `deleted_at`) VALUES
	(1000, 0, 'Menus', NULL, 0, 0.00, NULL, 0, '2023-02-28 19:51:10', '2023-02-28 19:51:10', NULL),
	(1000, 100, 'Uno', NULL, 1, 100.00, NULL, 0, '2023-02-28 19:51:10', '2023-02-28 19:51:10', NULL),
	(1000, 200, 'Dos', NULL, 1, 200.00, NULL, 0, '2023-02-28 19:51:10', '2023-02-28 19:51:10', NULL),
	(1000, 300, 'Tres', NULL, 1, 300.00, NULL, 0, '2023-02-28 19:51:10', '2023-02-28 19:51:10', NULL),
	(1000, 301, 'Categorias', NULL, 1, 300.00, NULL, 0, '2023-02-28 19:51:10', '2023-02-28 19:51:10', NULL),
	(1000, 302, 'Marcadores', NULL, 1, 300.00, NULL, 0, '2023-02-28 19:51:11', '2023-02-28 19:51:11', NULL),
	(1000, 400, 'Cuatro', NULL, 1, 400.00, NULL, 0, '2023-02-28 19:51:11', '2023-02-28 19:51:11', NULL),
	(1000, 500, 'Cinco', NULL, 1, 500.00, NULL, 0, '2023-02-28 19:51:11', '2023-02-28 19:51:11', NULL),
	(1000, 501, 'A', NULL, 1, 500.00, NULL, 0, '2023-02-28 19:51:11', '2023-02-28 19:51:11', NULL),
	(1000, 502, 'B', NULL, 1, 500.00, NULL, 0, '2023-02-28 19:51:11', '2023-02-28 19:51:11', NULL),
	(1000, 503, 'C', NULL, 1, 500.00, NULL, 0, '2023-02-28 19:51:11', '2023-02-28 19:51:11', NULL),
	(1000, 504, 'D', NULL, 1, 500.00, NULL, 0, '2023-02-28 19:51:11', '2023-02-28 19:51:11', NULL),
	(1000, 505, 'E', NULL, 1, 500.00, NULL, 0, '2023-02-28 19:51:11', '2023-02-28 19:51:11', NULL),
	(1000, 600, 'Seis', NULL, 1, 600.00, NULL, 0, '2023-02-28 19:51:11', '2023-02-28 19:51:11', NULL),
	(1000, 700, 'Siete', NULL, 1, 700.00, NULL, 0, '2023-02-28 19:51:11', '2023-02-28 19:51:11', NULL),
	(15000, 0, 'Profesiones', NULL, 0, NULL, NULL, 0, '2023-02-28 19:51:11', '2023-02-28 19:51:11', NULL),
	(15000, 2, 'Empresario', NULL, 1, NULL, NULL, 0, '2023-02-28 19:51:11', '2023-02-28 19:51:11', NULL),
	(15000, 3, 'Dibujante', NULL, 1, NULL, NULL, 0, '2023-02-28 19:51:12', '2023-02-28 19:51:12', NULL),
	(15000, 4, 'Arquitecto', NULL, 1, NULL, NULL, 0, '2023-02-28 19:51:12', '2023-02-28 19:51:12', NULL),
	(15000, 5, 'Analista', NULL, 1, NULL, NULL, 0, '2023-02-28 19:51:12', '2023-02-28 19:51:12', NULL),
	(15000, 6, 'Programador', NULL, 1, NULL, NULL, 0, '2023-02-28 19:51:12', '2023-02-28 19:51:12', NULL),
	(15000, 7, 'Enfermera', NULL, 1, NULL, NULL, 0, '2023-02-28 19:51:12', '2023-02-28 19:51:12', NULL),
	(15000, 8, 'Contador', NULL, 1, NULL, NULL, 0, '2023-02-28 19:51:12', '2023-02-28 19:51:12', NULL),
	(15000, 9, 'Profesor', NULL, 1, NULL, NULL, 0, '2023-02-28 19:51:12', '2023-02-28 19:51:12', NULL),
	(15000, 10, 'Sin Profesion', NULL, 1, NULL, NULL, 0, '2023-02-28 19:51:12', '2023-02-28 19:51:12', NULL),
	(15000, 99, 'Doctor', NULL, 1, NULL, NULL, 0, '2023-02-28 19:51:11', '2023-02-28 19:51:11', NULL);
/*!40000 ALTER TABLE `tablas` ENABLE KEYS */;

-- Listage de la structure de la table laravel10. telefonoables
CREATE TABLE IF NOT EXISTS `telefonoables` (
  `telefono_id` bigint(20) unsigned NOT NULL,
  `telefonoable_id` bigint(20) unsigned NOT NULL,
  `telefonoable_type` varchar(255) COLLATE utf8mb4_unicode_ci NOT NULL,
  KEY `telefonoables_telefono_id_foreign` (`telefono_id`),
  CONSTRAINT `telefonoables_telefono_id_foreign` FOREIGN KEY (`telefono_id`) REFERENCES `telefonos` (`id`) ON DELETE CASCADE ON UPDATE CASCADE
) ENGINE=InnoDB DEFAULT CHARSET=utf8mb4 COLLATE=utf8mb4_unicode_ci;

-- Listage des données de la table laravel10.telefonoables : ~0 rows (environ)
/*!40000 ALTER TABLE `telefonoables` DISABLE KEYS */;
/*!40000 ALTER TABLE `telefonoables` ENABLE KEYS */;

-- Listage de la structure de la table laravel10. telefonos
CREATE TABLE IF NOT EXISTS `telefonos` (
  `id` bigint(20) unsigned NOT NULL AUTO_INCREMENT,
  `tipo` varchar(2) COLLATE utf8mb4_unicode_ci NOT NULL,
  `numero` varchar(13) COLLATE utf8mb4_unicode_ci NOT NULL,
  `created_at` timestamp NULL DEFAULT NULL,
  `updated_at` timestamp NULL DEFAULT NULL,
  PRIMARY KEY (`id`)
) ENGINE=InnoDB DEFAULT CHARSET=utf8mb4 COLLATE=utf8mb4_unicode_ci;

-- Listage des données de la table laravel10.telefonos : ~0 rows (environ)
/*!40000 ALTER TABLE `telefonos` DISABLE KEYS */;
/*!40000 ALTER TABLE `telefonos` ENABLE KEYS */;

-- Listage de la structure de la table laravel10. traspasos
CREATE TABLE IF NOT EXISTS `traspasos` (
  `id` bigint(20) unsigned NOT NULL AUTO_INCREMENT,
  `dateImportation` date DEFAULT NULL,
  `libelle` text NOT NULL,
  `montant` decimal(8,2) DEFAULT '0.00',
  `archivo` varchar(100) DEFAULT NULL,
  `dupTxt` text NOT NULL,
  `archivado` bigint(20) unsigned DEFAULT '0',
  PRIMARY KEY (`id`)
) ENGINE=InnoDB AUTO_INCREMENT=263 DEFAULT CHARSET=utf8;

-- Listage des données de la table laravel10.traspasos : ~262 rows (environ)
/*!40000 ALTER TABLE `traspasos` DISABLE KEYS */;
INSERT INTO `traspasos` (`id`, `dateImportation`, `libelle`, `montant`, `archivo`, `dupTxt`, `archivado`) VALUES
	(1, '2023-02-06', 'ACHAT CB HEMA ROSNY-2   05.02.23 EUR         17,00 CARTE NO  795  ', -17.00, '5578733W0201675879876623.csv', '06/02/2023ACHAT CB HEMA ROSNY-2   05.02.23 EUR         17,00 CARTE NO  795  -17,00', 1),
	(2, '2023-02-06', 'ACHAT CB DARTY 35       05.02.23 CARTE NUMERO                795  ', -15.99, '5578733W0201675879876623.csv', '06/02/2023ACHAT CB DARTY 35       05.02.23 CARTE NUMERO                795  -15,99', 2),
	(3, '2023-02-03', 'PRELEVEMENT DE Navigo Annuel - G COMUTITRES REF : 3/16595518-1/724115054 Navigo Annuel', -84.10, '5578733W0201675879876623.csv', '03/02/2023PRELEVEMENT DE Navigo Annuel - G COMUTITRES REF : 3/16595518-1/724115054 Navigo Annuel-84,10', 3),
	(4, '2023-02-02', 'ACHAT CB ORANGE VAD 73  01.02.23 CARTE NUMERO                795  ', -15.99, '5578733W0201675879876623.csv', '02/02/2023ACHAT CB ORANGE VAD 73  01.02.23 CARTE NUMERO                795  -15,99', 4),
	(5, '2023-02-02', 'VIREMENT DE URSSAF RHONE ALPES C SALAIRE RBB-CESUVISA423202301311202228 VIREMENT SALAIRE CESU  MME REIGN', 234.00, '5578733W0201675879876623.csv', '02/02/2023VIREMENT DE URSSAF RHONE ALPES C SALAIRE RBB-CESUVISA423202301311202228 VIREMENT SALAIRE CESU  MME REIGN234,00', 5),
	(6, '2023-02-01', 'VIREMENT PERMANENT POUR CRUCELISA ARISTIZABAL SA COMPTE FR0630002004360000021464Q REFERENCE : 0226032300201703', -485.00, '5578733W0201675879876623.csv', '01/02/2023VIREMENT PERMANENT POUR CRUCELISA ARISTIZABAL SA COMPTE FR0630002004360000021464Q REFERENCE : 0226032300201703-485,00', 6),
	(7, '2023-01-30', 'ACHAT CB Google YouTube 28.01.23 EUR         11,99 CARTE NO  795  ', -11.99, '5578733W0201675879876623.csv', '30/01/2023ACHAT CB Google YouTube 28.01.23 EUR         11,99 CARTE NO  795  -11,99', 7),
	(8, '2023-01-30', 'VIREMENT DE DIOURON MATTHIEU OU salaire janvier REFERENCE : 0190027300155001 ', 224.00, '5578733W0201675879876623.csv', '30/01/2023VIREMENT DE DIOURON MATTHIEU OU salaire janvier REFERENCE : 0190027300155001 224,00', 8),
	(9, '2023-01-23', 'ACHAT CB RATP           21.01.23 CARTE NUMERO                795  ', -19.10, '5578733W0201675879876623.csv', '23/01/2023ACHAT CB RATP           21.01.23 CARTE NUMERO                795  -19,10', 9),
	(10, '2023-01-23', 'ACHAT CB CARREFOUR CITY 21.01.23 CARTE NUMERO                795  ', -15.94, '5578733W0201675879876623.csv', '23/01/2023ACHAT CB CARREFOUR CITY 21.01.23 CARTE NUMERO                795  -15,94', 10),
	(11, '2023-01-18', 'PRELEVEMENT DE Orange SA REF : 1B987E235 B987E2353A174E Votre abonnement fibre (facture: XXX2353A1)', -65.54, '5578733W0201675879876623.csv', '18/01/2023PRELEVEMENT DE Orange SA REF : 1B987E235 B987E2353A174E Votre abonnement fibre (facture: XXX2353A1)-65,54', 11),
	(12, '2023-01-13', 'ACHAT CB Samsung France 12.01.23 CARTE NUMERO                795  ', -12.99, '5578733W0201675879876623.csv', '13/01/2023ACHAT CB Samsung France 12.01.23 CARTE NUMERO                795  -12,99', 12),
	(13, '2023-01-10', 'ACHAT CB BOULANGERIE TE 09.01.23 CARTE NUMERO                795  ', -5.60, '5578733W0201675879876623.csv', '10/01/2023ACHAT CB BOULANGERIE TE 09.01.23 CARTE NUMERO                795  -5,60', 13),
	(14, '2023-01-10', 'VIREMENT DE URSSAF RHONE ALPES C SALAIRE RBB-CESUVISA42320230108120502 VIREMENT SALAIRE CESU  MME REIGN', 260.00, '5578733W0201675879876623.csv', '10/01/2023VIREMENT DE URSSAF RHONE ALPES C SALAIRE RBB-CESUVISA42320230108120502 VIREMENT SALAIRE CESU  MME REIGN260,00', 14),
	(15, '2022-01-17', 'PRELEVEMENT DE DIRECTION GENERAL ES FINANCES PUBL REF : 1E087000075033M2750025177 750331723829641268 111', -13.00, '5578733W0201642458009113.tsv', '17/01/2022PRELEVEMENT DE DIRECTION GENERAL ES FINANCES PUBL REF : 1E087000075033M2750025177 750331723829641268 111-13,00', 15),
	(16, '2022-01-17', 'VIREMENT DE MR OU MME PUVIS DE C ANNES EMM VIREMENT VERS RAFAEL MUNOZ VIREMENT DE MR OU MME PUVIS DE C', 906.00, '5578733W0201642458009113.tsv', '17/01/2022VIREMENT DE MR OU MME PUVIS DE C ANNES EMM VIREMENT VERS RAFAEL MUNOZ VIREMENT DE MR OU MME PUVIS DE C906,00', 16),
	(17, '2022-01-06', 'VIREMENT POUR CRUCELISA ARISTIZABAL SA COMPTE FR0630002004360000021464Q LOUE JANVIER', -470.00, '5578733W0201642458009113.tsv', '06/01/2022VIREMENT POUR CRUCELISA ARISTIZABAL SA COMPTE FR0630002004360000021464Q LOUE JANVIER-470,00', 17),
	(18, '2022-01-06', 'VIREMENT DE URSSAF RA CC CESU SA RES RBB-CESUVISA423202201051201895 VIREMENT SALAIRE CESU+ MME REIGN', 150.00, '5578733W0201642458009113.tsv', '06/01/2022VIREMENT DE URSSAF RA CC CESU SA RES RBB-CESUVISA423202201051201895 VIREMENT SALAIRE CESU+ MME REIGN150,00', 18),
	(19, '2022-01-06', 'VIREMENT DE MR MUNOZ ALBUERNO RA REFERENCE : 0181006210010380  ', 300.00, '5578733W0201642458009113.tsv', '06/01/2022VIREMENT DE MR MUNOZ ALBUERNO RA REFERENCE : 0181006210010380  300,00', 19),
	(20, '2022-01-04', 'COTISATION TRIMESTRIELLE DE VOTRE FORMULE DE COMPTE  ', -44.40, '5578733W0201642458009113.tsv', '04/01/2022COTISATION TRIMESTRIELLE DE VOTRE FORMULE DE COMPTE  -44,40', 20),
	(21, '2022-01-03', 'PRELEVEMENT DE Navigo Annuel - G COMUTITRES REF : 3/16595518-1/653925365 Navigo Annuel', -75.20, '5578733W0201642458009113.tsv', '03/01/2022PRELEVEMENT DE Navigo Annuel - G COMUTITRES REF : 3/16595518-1/653925365 Navigo Annuel-75,20', 21),
	(22, '2022-01-03', 'PRELEVEMENT DE SFR REF : 001198873106 99-194U0J-01 SFR mobile Prlvt SEPA 99-194U0J- 001198873106', -20.00, '5578733W0201642458009113.tsv', '03/01/2022PRELEVEMENT DE SFR REF : 001198873106 99-194U0J-01 SFR mobile Prlvt SEPA 99-194U0J- 001198873106-20,00', 22),
	(23, '2022-01-03', 'VIREMENT DE DIOURON MATTHIEU OU Virement depuis Ma Banque REFERENCE : 0190003200031001 ', 224.00, '5578733W0201642458009113.tsv', '03/01/2022VIREMENT DE DIOURON MATTHIEU OU Virement depuis Ma Banque REFERENCE : 0190003200031001 224,00', 23),
	(24, '2021-12-20', 'VIREMENT DE URSSAF RA CC CESU SA RES RBB-CESUVISA42320211217120128 VIREMENT SALAIRE CESU+ MME REIGN', 150.00, '5578733W0201642458009113.tsv', '20/12/2021VIREMENT DE URSSAF RA CC CESU SA RES RBB-CESUVISA42320211217120128 VIREMENT SALAIRE CESU+ MME REIGN150,00', 24),
	(25, '2021-12-20', 'VIREMENT DE U R S S A F RA CESU PICP-20211215230953-000000029689 INDEMNITE INFLATION CESU REFERENCE : 0190354100055001', 100.00, '5578733W0201642458009113.tsv', '20/12/2021VIREMENT DE U R S S A F RA CESU PICP-20211215230953-000000029689 INDEMNITE INFLATION CESU REFERENCE : 0190354100055001100,00', 25),
	(26, '2021-12-14', 'VIREMENT DE CPAM 75 PRESTATIONS 213470004492 213470004492213470004492 REFERENCE : 0189348100000400', 19.58, '5578733W0201642458009113.tsv', '14/12/2021VIREMENT DE CPAM 75 PRESTATIONS 213470004492 213470004492213470004492 REFERENCE : 018934810000040019,58', 26),
	(27, '2021-12-03', 'PRELEVEMENT DE Navigo Annuel - G COMUTITRES REF : 3/16595518-1/649315050 Navigo Annuel', -75.20, '5578733W0201642458009113.tsv', '03/12/2021PRELEVEMENT DE Navigo Annuel - G COMUTITRES REF : 3/16595518-1/649315050 Navigo Annuel-75,20', 27),
	(28, '2021-12-03', 'PRELEVEMENT DE SFR REF : 001478461096 99-194U0J-01 SFR mobile Prlvt SEPA 99-194U0J- 001478461096', -20.00, '5578733W0201642458009113.tsv', '03/12/2021PRELEVEMENT DE SFR REF : 001478461096 99-194U0J-01 SFR mobile Prlvt SEPA 99-194U0J- 001478461096-20,00', 28),
	(29, '2021-12-02', 'VIREMENT POUR CRUCELISA ARISTIZABAL SA COMPTE FR0630002004360000021464Q LOUE DECEMBRE', -470.00, '5578733W0201642458009113.tsv', '02/12/2021VIREMENT POUR CRUCELISA ARISTIZABAL SA COMPTE FR0630002004360000021464Q LOUE DECEMBRE-470,00', 29),
	(30, '2021-11-30', 'VIREMENT DE DIOURON MATTHIEU OU Virement depuis Ma Banque REFERENCE : 0190334100008001 ', 224.00, '5578733W0201642458009113.tsv', '30/11/2021VIREMENT DE DIOURON MATTHIEU OU Virement depuis Ma Banque REFERENCE : 0190334100008001 224,00', 30),
	(31, '2021-11-15', 'PRELEVEMENT DE DIRECTION GENERAL ES FINANCES PUBL REF : 1E087000075033M2750025177 750331723829641268 111', -8.00, '5578733W0201642458009113.tsv', '15/11/2021PRELEVEMENT DE DIRECTION GENERAL ES FINANCES PUBL REF : 1E087000075033M2750025177 750331723829641268 111-8,00', 31),
	(32, '2021-11-08', 'VIREMENT POUR CRUCELISA ARISTIZABAL SA COMPTE FR0630002004360000021464Q LOUE NOVEMBRE', -470.00, '5578733W0201642458009113.tsv', '08/11/2021VIREMENT POUR CRUCELISA ARISTIZABAL SA COMPTE FR0630002004360000021464Q LOUE NOVEMBRE-470,00', 32),
	(33, '2021-11-03', 'PRELEVEMENT DE Navigo Annuel - G COMUTITRES REF : 3/16595518-1/642925023 Navigo Annuel', -75.20, '5578733W0201642458009113.tsv', '03/11/2021PRELEVEMENT DE Navigo Annuel - G COMUTITRES REF : 3/16595518-1/642925023 Navigo Annuel-75,20', 33),
	(34, '2021-11-03', 'PRELEVEMENT DE SFR REF : 001558003863 99-194U0J-01 SFR mobile Prlvt SEPA 99-194U0J- 001558003863', -20.00, '5578733W0201642458009113.tsv', '03/11/2021PRELEVEMENT DE SFR REF : 001558003863 99-194U0J-01 SFR mobile Prlvt SEPA 99-194U0J- 001558003863-20,00', 34),
	(35, '2021-11-03', 'VIREMENT DE DIOURON MATTHIEU OU Virement depuis Ma Banque REFERENCE : 0190307100004001 ', 224.00, '5578733W0201642458009113.tsv', '03/11/2021VIREMENT DE DIOURON MATTHIEU OU Virement depuis Ma Banque REFERENCE : 0190307100004001 224,00', 35),
	(36, '2022-01-31', 'VIREMENT POUR CRUCELISA ARISTIZABAL SA COMPTE FR0630002004360000021464Q LOUE FEVRIER', -470.00, '5578733W0201643742474581.csv', '31/01/2022VIREMENT POUR CRUCELISA ARISTIZABAL SA COMPTE FR0630002004360000021464Q LOUE FEVRIER-470,00', 36),
	(37, '2022-01-28', 'VIREMENT DE DIOURON MATTHIEU OU Virement depuis Ma Banque REFERENCE : 0190028200101001 ', 224.00, '5578733W0201643742474581.csv', '28/01/2022VIREMENT DE DIOURON MATTHIEU OU Virement depuis Ma Banque REFERENCE : 0190028200101001 224,00', 37),
	(38, '2022-01-18', 'VIREMENT POUR MR MUNOZ ALBUERNO RAFAEL COMPTE 10011000201204101354V76 REFERENCE : 0155018271251321', -505.86, '5578733W0201643742474581.csv', '18/01/2022VIREMENT POUR MR MUNOZ ALBUERNO RAFAEL COMPTE 10011000201204101354V76 REFERENCE : 0155018271251321-505,86', 38),
	(39, '2023-01-06', 'VIREMENT DE REGINA YORCKA MARGAR MU OZ ARA Pasajes flixbus REFERENCE : 0189006300000900', 90.00, '5578733W0201675446824386.csv', '06/01/2023VIREMENT DE REGINA YORCKA MARGAR MU OZ ARA Pasajes flixbus REFERENCE : 018900630000090090,00', 39),
	(40, '2023-01-04', 'ACHAT CB PARIS ROULETTE 03.01.23 CARTE NUMERO                795  ', -17.04, '5578733W0201675446824386.csv', '04/01/2023ACHAT CB PARIS ROULETTE 03.01.23 CARTE NUMERO                795  -17,04', 40),
	(41, '2023-01-03', 'PRELEVEMENT DE Navigo Annuel - G COMUTITRES REF : 3/16595518-1/718709245 Navigo Annuel', -84.10, '5578733W0201675446824386.csv', '03/01/2023PRELEVEMENT DE Navigo Annuel - G COMUTITRES REF : 3/16595518-1/718709245 Navigo Annuel-84,10', 41),
	(42, '2023-01-03', 'COTISATION TRIMESTRIELLE DE VOTRE FORMULE DE COMPTE  ', -44.40, '5578733W0201675446824386.csv', '03/01/2023COTISATION TRIMESTRIELLE DE VOTRE FORMULE DE COMPTE  -44,40', 42),
	(43, '2023-01-02', 'VIREMENT PERMANENT POUR CRUCELISA ARISTIZABAL SA COMPTE FR0630002004360000021464Q REFERENCE : 0226002300406875', -485.00, '5578733W0201675446824386.csv', '02/01/2023VIREMENT PERMANENT POUR CRUCELISA ARISTIZABAL SA COMPTE FR0630002004360000021464Q REFERENCE : 0226002300406875-485,00', 43),
	(44, '2023-01-02', 'ACHAT CB ORANGE VAD 73  31.12.22 CARTE NUMERO                795  ', -16.35, '5578733W0201675446824386.csv', '02/01/2023ACHAT CB ORANGE VAD 73  31.12.22 CARTE NUMERO                795  -16,35', 44),
	(45, '2022-12-29', 'VIREMENT DE DIOURON MATTHIEU OU REFERENCE : 0190363200018001  ', 224.00, '5578733W0201675446824386.csv', '29/12/2022VIREMENT DE DIOURON MATTHIEU OU REFERENCE : 0190363200018001  224,00', 45),
	(46, '2022-12-28', 'ACHAT CB Google YouTube 28.12.22 EUR         11,99 CARTE NO  795  ', -11.99, '5578733W0201675446824386.csv', '28/12/2022ACHAT CB Google YouTube 28.12.22 EUR         11,99 CARTE NO  795  -11,99', 46),
	(47, '2022-12-26', 'VIREMENT DE M RAFAEL MUNOZ ALBUE ALQUILER REFERENCE : 0181360250008477 ', 300.00, '5578733W0201675446824386.csv', '26/12/2022VIREMENT DE M RAFAEL MUNOZ ALBUE ALQUILER REFERENCE : 0181360250008477 300,00', 47),
	(48, '2022-12-16', 'ACHAT CB AMAZON PAYMENT 14.12.22 CARTE NUMERO                795  ', -62.74, '5578733W0201675446824386.csv', '16/12/2022ACHAT CB AMAZON PAYMENT 14.12.22 CARTE NUMERO                795  -62,74', 48),
	(49, '2022-12-13', 'ACHAT CB DRS FONDS CPF  12.12.22 CARTE NUMERO                795  ', -375.10, '5578733W0201675446824386.csv', '13/12/2022ACHAT CB DRS FONDS CPF  12.12.22 CARTE NUMERO                795  -375,10', 49),
	(50, '2022-12-13', 'ACHAT CB Samsung France 12.12.22 CARTE NUMERO                795  ', -12.99, '5578733W0201675446824386.csv', '13/12/2022ACHAT CB Samsung France 12.12.22 CARTE NUMERO                795  -12,99', 50),
	(51, '2022-12-12', 'ACHAT CB E Courriers    07.12.22 CARTE NUMERO                795  ', -8.98, '5578733W0201675446824386.csv', '12/12/2022ACHAT CB E Courriers    07.12.22 CARTE NUMERO                795  -8,98', 51),
	(52, '2022-12-12', 'VIREMENT DE M RAFAEL MUNOZ ALBUE AS FORMATION REFERENCE : 0181346280006468 ', 400.00, '5578733W0201675446824386.csv', '12/12/2022VIREMENT DE M RAFAEL MUNOZ ALBUE AS FORMATION REFERENCE : 0181346280006468 400,00', 52),
	(53, '2022-12-09', 'ACHAT CB AMAZON PAYMENT 05.12.22 CARTE NUMERO                795  ', -84.35, '5578733W0201675446824386.csv', '09/12/2022ACHAT CB AMAZON PAYMENT 05.12.22 CARTE NUMERO                795  -84,35', 53),
	(54, '2022-12-07', 'ACHAT CB RIA PARMENTIER 06.12.22 CARTE NUMERO                795  ', -200.00, '5578733W0201675446824386.csv', '07/12/2022ACHAT CB RIA PARMENTIER 06.12.22 CARTE NUMERO                795  -200,00', 54),
	(55, '2022-12-06', 'VIREMENT DE URSSAF RHONE ALPES C SALAIRE RBB-CESUVISA423202212041202243 VIREMENT SALAIRE CESU  MME REIGN', 156.00, '5578733W0201675446824386.csv', '06/12/2022VIREMENT DE URSSAF RHONE ALPES C SALAIRE RBB-CESUVISA423202212041202243 VIREMENT SALAIRE CESU  MME REIGN156,00', 55),
	(56, '2022-12-05', 'PRELEVEMENT DE Navigo Annuel - G COMUTITRES REF : 3/16595518-1/710643311 Navigo Annuel', -75.20, '5578733W0201675446824386.csv', '05/12/2022PRELEVEMENT DE Navigo Annuel - G COMUTITRES REF : 3/16595518-1/710643311 Navigo Annuel-75,20', 56),
	(57, '2022-12-05', 'ACHAT CB PARFOIS        04.12.22 CARTE NUMERO                795  ', -30.09, '5578733W0201675446824386.csv', '05/12/2022ACHAT CB PARFOIS        04.12.22 CARTE NUMERO                795  -30,09', 57),
	(58, '2022-12-05', 'ACHAT CB AMAZON PAYMENT 02.12.22 CARTE NUMERO                795  ', -25.99, '5578733W0201675446824386.csv', '05/12/2022ACHAT CB AMAZON PAYMENT 02.12.22 CARTE NUMERO                795  -25,99', 58),
	(59, '2022-12-05', 'ACHAT CB ORANGE VAD 73  02.12.22 CARTE NUMERO                795  ', -15.99, '5578733W0201675446824386.csv', '05/12/2022ACHAT CB ORANGE VAD 73  02.12.22 CARTE NUMERO                795  -15,99', 59),
	(60, '2022-12-01', 'VIREMENT PERMANENT POUR CRUCELISA ARISTIZABAL SA COMPTE FR0630002004360000021464Q REFERENCE : 0226335200211741', -485.00, '5578733W0201675446824386.csv', '01/12/2022VIREMENT PERMANENT POUR CRUCELISA ARISTIZABAL SA COMPTE FR0630002004360000021464Q REFERENCE : 0226335200211741-485,00', 60),
	(61, '2022-11-30', 'ACHAT CB CELIO          29.11.22 EUR         47,99 CARTE NO  795  ', -47.99, '5578733W0201675446824386.csv', '30/11/2022ACHAT CB CELIO          29.11.22 EUR         47,99 CARTE NO  795  -47,99', 61),
	(62, '2022-11-29', 'ACHAT CB AMAZON PAYMENT 27.11.22 CARTE NUMERO                795  ', -52.88, '5578733W0201675446824386.csv', '29/11/2022ACHAT CB AMAZON PAYMENT 27.11.22 CARTE NUMERO                795  -52,88', 62),
	(63, '2022-11-29', 'ACHAT CB AMAZON EU SARL 26.11.22 CARTE NUMERO                795  ', -37.24, '5578733W0201675446824386.csv', '29/11/2022ACHAT CB AMAZON EU SARL 26.11.22 CARTE NUMERO                795  -37,24', 63),
	(64, '2022-11-29', 'ACHAT CB Google YouTube 27.11.22 CARTE NUMERO                795  ', -11.99, '5578733W0201675446824386.csv', '29/11/2022ACHAT CB Google YouTube 27.11.22 CARTE NUMERO                795  -11,99', 64),
	(65, '2022-11-29', 'VIREMENT DE DIOURON MATTHIEU OU REFERENCE : 0190333200049001  ', 224.00, '5578733W0201675446824386.csv', '29/11/2022VIREMENT DE DIOURON MATTHIEU OU REFERENCE : 0190333200049001  224,00', 65),
	(66, '2022-11-28', 'ACHAT CB Fossil Paris C 27.11.22 EUR         94,60 CARTE NO  795  ', -94.60, '5578733W0201675446824386.csv', '28/11/2022ACHAT CB Fossil Paris C 27.11.22 EUR         94,60 CARTE NO  795  -94,60', 66),
	(67, '2022-11-28', 'ACHAT CB LunettesPourTo 25.11.22 CARTE NUMERO                795  ', -45.00, '5578733W0201675446824386.csv', '28/11/2022ACHAT CB LunettesPourTo 25.11.22 CARTE NUMERO                795  -45,00', 67),
	(68, '2022-11-28', 'CREDIT CARTE BANCAIRE ADEO LEROY MERL 26.11.22 CARTE NUMERO                795 ', 145.00, '5578733W0201675446824386.csv', '28/11/2022CREDIT CARTE BANCAIRE ADEO LEROY MERL 26.11.22 CARTE NUMERO                795 145,00', 68),
	(69, '2022-11-24', 'ACHAT CB BOULANGERIE TE 23.11.22 CARTE NUMERO                795  ', -5.60, '5578733W0201675446824386.csv', '24/11/2022ACHAT CB BOULANGERIE TE 23.11.22 CARTE NUMERO                795  -5,60', 69),
	(70, '2022-11-23', 'ACHAT CB FRANPRIX       22.11.22 CARTE NUMERO                795  ', -50.00, '5578733W0201675446824386.csv', '23/11/2022ACHAT CB FRANPRIX       22.11.22 CARTE NUMERO                795  -50,00', 70),
	(71, '2022-11-23', 'ACHAT CB DYM            22.11.22 CARTE NUMERO                795  ', -1.50, '5578733W0201675446824386.csv', '23/11/2022ACHAT CB DYM            22.11.22 CARTE NUMERO                795  -1,50', 71),
	(72, '2022-11-22', 'ACHAT CB LES SAVEURS DE 21.11.22 CARTE NUMERO                795  ', -4.00, '5578733W0201675446824386.csv', '22/11/2022ACHAT CB LES SAVEURS DE 21.11.22 CARTE NUMERO                795  -4,00', 72),
	(73, '2022-11-21', 'ACHAT CB AUCHAN SUPERMA 19.11.22 CARTE NUMERO                795  ', -11.59, '5578733W0201675446824386.csv', '21/11/2022ACHAT CB AUCHAN SUPERMA 19.11.22 CARTE NUMERO                795  -11,59', 73),
	(74, '2022-11-17', 'ACHAT CB AMAZON PAYMENT 15.11.22 CARTE NUMERO                795  ', -28.99, '5578733W0201675446824386.csv', '17/11/2022ACHAT CB AMAZON PAYMENT 15.11.22 CARTE NUMERO                795  -28,99', 74),
	(75, '2022-11-16', 'CREDIT CARTE BANCAIRE AMAZON EU SARL  15.11.22 CARTE NUMERO                795 ', 1023.68, '5578733W0201675446824386.csv', '16/11/2022CREDIT CARTE BANCAIRE AMAZON EU SARL  15.11.22 CARTE NUMERO                795 1023,68', 75),
	(76, '2022-11-16', 'CREDIT CARTE BANCAIRE AMAZON EU SARL  15.11.22 CARTE NUMERO                795 ', 1.99, '5578733W0201675446824386.csv', '16/11/2022CREDIT CARTE BANCAIRE AMAZON EU SARL  15.11.22 CARTE NUMERO                795 1,99', 76),
	(77, '2022-11-15', 'ACHAT CB BOULANGERIE TE 14.11.22 CARTE NUMERO                795  ', -5.60, '5578733W0201675446824386.csv', '15/11/2022ACHAT CB BOULANGERIE TE 14.11.22 CARTE NUMERO                795  -5,60', 77),
	(78, '2022-11-15', 'ACHAT CB ALDI MARCHE 21 14.11.22 CARTE NUMERO                795  ', -3.98, '5578733W0201675446824386.csv', '15/11/2022ACHAT CB ALDI MARCHE 21 14.11.22 CARTE NUMERO                795  -3,98', 78),
	(79, '2022-11-14', 'ACHAT CB Samsung France 12.11.22 CARTE NUMERO                795  ', -12.99, '5578733W0201675446824386.csv', '14/11/2022ACHAT CB Samsung France 12.11.22 CARTE NUMERO                795  -12,99', 79),
	(80, '2022-11-14', 'ACHAT CB FRANPRIX       12.11.22 CARTE NUMERO                795  ', -10.50, '5578733W0201675446824386.csv', '14/11/2022ACHAT CB FRANPRIX       12.11.22 CARTE NUMERO                795  -10,50', 80),
	(81, '2022-11-14', 'VIREMENT DE Leboncoin TX25344365400XT TX25344365400XT Leboncoin LeBonC Vac payout', 20.00, '5578733W0201675446824386.csv', '14/11/2022VIREMENT DE Leboncoin TX25344365400XT TX25344365400XT Leboncoin LeBonC Vac payout20,00', 81),
	(82, '2022-11-10', 'ACHAT CB CDISCOUNT      09.11.22 CARTE NUMERO                795  ', -125.47, '5578733W0201675446824386.csv', '10/11/2022ACHAT CB CDISCOUNT      09.11.22 CARTE NUMERO                795  -125,47', 82),
	(83, '2022-11-09', 'VIREMENT DE SALAIRES RBB-CESUVISA423202211071201320 VIREMENT SALAIRE CESU  MME REIGN SYLVIE', 260.00, '5578733W0201675446824386.csv', '09/11/2022VIREMENT DE SALAIRES RBB-CESUVISA423202211071201320 VIREMENT SALAIRE CESU  MME REIGN SYLVIE260,00', 83),
	(84, '2022-11-08', 'ACHAT CB CASTORAMA      07.11.22 CARTE NUMERO                795  ', -18.90, '5578733W0201675446824386.csv', '08/11/2022ACHAT CB CASTORAMA      07.11.22 CARTE NUMERO                795  -18,90', 84),
	(85, '2022-11-07', 'ACHAT CB ALDI MARCHE 04 04.11.22 CARTE NUMERO                795  ', -68.02, '5578733W0201675446824386.csv', '07/11/2022ACHAT CB ALDI MARCHE 04 04.11.22 CARTE NUMERO                795  -68,02', 85),
	(86, '2022-11-04', 'ACHAT CB FRANPRIX       03.11.22 CARTE NUMERO                795  ', -19.99, '5578733W0201675014252346.csv', '04/11/2022ACHAT CB FRANPRIX       03.11.22 CARTE NUMERO                795  -19,99', 86),
	(87, '2022-11-03', 'PRELEVEMENT DE Navigo Annuel - G COMUTITRES REF : 3/16595518-1/704647033 Navigo Annuel', -75.20, '5578733W0201675014252346.csv', '03/11/2022PRELEVEMENT DE Navigo Annuel - G COMUTITRES REF : 3/16595518-1/704647033 Navigo Annuel-75,20', 87),
	(88, '2022-11-03', 'ACHAT CB LIGHTINTHEBOXE 02.11.22 EUR         13,01 CARTE NO  795  ', -13.01, '5578733W0201675014252346.csv', '03/11/2022ACHAT CB LIGHTINTHEBOXE 02.11.22 EUR         13,01 CARTE NO  795  -13,01', 88),
	(89, '2022-11-02', 'VIREMENT PERMANENT POUR CRUCELISA ARISTIZABAL SA COMPTE FR0630002004360000021464Q REFERENCE : 0226306200281603', -485.00, '5578733W0201675014252346.csv', '02/11/2022VIREMENT PERMANENT POUR CRUCELISA ARISTIZABAL SA COMPTE FR0630002004360000021464Q REFERENCE : 0226306200281603-485,00', 89),
	(90, '2022-11-02', 'ACHAT CB AMAZON EU SARL 28.10.22 CARTE NUMERO                795  ', -1023.68, '5578733W0201675014252346.csv', '02/11/2022ACHAT CB AMAZON EU SARL 28.10.22 CARTE NUMERO                795  -1023,68', 90),
	(91, '2022-11-02', 'ACHAT CB ORANGE VAD 73  01.11.22 CARTE NUMERO                795  ', -15.99, '5578733W0201675014252346.csv', '02/11/2022ACHAT CB ORANGE VAD 73  01.11.22 CARTE NUMERO                795  -15,99', 91),
	(92, '2022-11-02', 'VIREMENT DE DIOURON MATTHIEU OU REFERENCE : 0190304200116001  ', 224.00, '5578733W0201675014252346.csv', '02/11/2022VIREMENT DE DIOURON MATTHIEU OU REFERENCE : 0190304200116001  224,00', 92),
	(93, '2022-10-28', 'ACHAT CB Google YouTube 28.10.22 EUR         11,99 CARTE NO  795  ', -11.99, '5578733W0201670187473337.csv', '28/10/2022ACHAT CB Google YouTube 28.10.22 EUR         11,99 CARTE NO  795  -11,99', 93),
	(94, '2022-10-28', 'VIREMENT DE M RAFAEL MUNOZ ALBUE TROTTINETTE JHAAN ESTEBAN REFERENCE : 0181301290027726 ', 1000.00, '5578733W0201670187473337.csv', '28/10/2022VIREMENT DE M RAFAEL MUNOZ ALBUE TROTTINETTE JHAAN ESTEBAN REFERENCE : 0181301290027726 1000,00', 94),
	(95, '2022-10-26', 'VIREMENT DE LESNE BHARRAT SA ZZ1CUY7J40MHA4JCU Menage REFERENCE : 0190298200148001', 30.00, '5578733W0201670187473337.csv', '26/10/2022VIREMENT DE LESNE BHARRAT SA ZZ1CUY7J40MHA4JCU Menage REFERENCE : 019029820014800130,00', 95),
	(96, '2022-10-24', 'ACHAT CB LIGHTINTHEBOXE 21.10.22 CARTE NUMERO                795  ', -83.05, '5578733W0201670187473337.csv', '24/10/2022ACHAT CB LIGHTINTHEBOXE 21.10.22 CARTE NUMERO                795  -83,05', 96),
	(97, '2022-10-18', 'VIREMENT DE URSSAF RA CC CESU SA RES RBB-CESUVISA42320221016120103 VIREMENT SALAIRE CESU+ MME REIGN', 325.00, '5578733W0201670187473337.csv', '18/10/2022VIREMENT DE URSSAF RA CC CESU SA RES RBB-CESUVISA42320221016120103 VIREMENT SALAIRE CESU+ MME REIGN325,00', 97),
	(98, '2022-10-17', 'ACHAT CB Nespresso      16.10.22 CARTE NUMERO                795  ', -9.00, '5578733W0201670187473337.csv', '17/10/2022ACHAT CB Nespresso      16.10.22 CARTE NUMERO                795  -9,00', 98),
	(99, '2022-10-17', 'CREDIT CARTE BANCAIRE Free Mobile     15.10.22 CARTE NUMERO                795 ', 3.86, '5578733W0201670187473337.csv', '17/10/2022CREDIT CARTE BANCAIRE Free Mobile     15.10.22 CARTE NUMERO                795 3,86', 99),
	(100, '2022-10-13', 'ACHAT CB Samsung France 12.10.22 CARTE NUMERO                795  ', -12.99, '5578733W0201670187473337.csv', '13/10/2022ACHAT CB Samsung France 12.10.22 CARTE NUMERO                795  -12,99', 100),
	(101, '2022-10-10', 'ACHAT CB ORANGE VAD 73  08.10.22 CARTE NUMERO                795  ', -15.99, '5578733W0201670187473337.csv', '10/10/2022ACHAT CB ORANGE VAD 73  08.10.22 CARTE NUMERO                795  -15,99', 101),
	(102, '2022-10-10', 'VIREMENT DE AC2 PRODUCTION FACTURE 0551 FACTURE 0551 REFERENCE : 0190283200057001', 151.74, '5578733W0201670187473337.csv', '10/10/2022VIREMENT DE AC2 PRODUCTION FACTURE 0551 FACTURE 0551 REFERENCE : 0190283200057001151,74', 102),
	(103, '2022-10-05', 'REMISE COMMERCIALE D AGIOS', 1.50, '5578733W0201670187473337.csv', '05/10/2022REMISE COMMERCIALE D AGIOS1,50', 103),
	(104, '2022-10-05', 'MINIMUM FORFAITAIRE TRIMESTRIEL D UTILISATION DU DECOUVERT  ', -1.50, '5578733W0201670187473337.csv', '05/10/2022MINIMUM FORFAITAIRE TRIMESTRIEL D UTILISATION DU DECOUVERT  -1,50', 104),
	(105, '2022-10-04', 'ACHAT CB BOULANGERIE TE 03.10.22 CARTE NUMERO                795  ', -5.60, '5578733W0201670187473337.csv', '04/10/2022ACHAT CB BOULANGERIE TE 03.10.22 CARTE NUMERO                795  -5,60', 105),
	(106, '2022-10-04', 'COTISATION TRIMESTRIELLE DE VOTRE FORMULE DE COMPTE  ', -44.40, '5578733W0201670187473337.csv', '04/10/2022COTISATION TRIMESTRIELLE DE VOTRE FORMULE DE COMPTE  -44,40', 106),
	(107, '2022-10-03', 'VIREMENT PERMANENT POUR CRUCELISA ARISTIZABAL SA COMPTE FR0630002004360000021464Q REFERENCE : 0226276200359452', -485.00, '5578733W0201670187473337.csv', '03/10/2022VIREMENT PERMANENT POUR CRUCELISA ARISTIZABAL SA COMPTE FR0630002004360000021464Q REFERENCE : 0226276200359452-485,00', 107),
	(108, '2022-10-03', 'PRELEVEMENT DE Navigo Annuel - G COMUTITRES REF : 3/16595518-1/696945997 Navigo Annuel', -75.20, '5578733W0201670187473337.csv', '03/10/2022PRELEVEMENT DE Navigo Annuel - G COMUTITRES REF : 3/16595518-1/696945997 Navigo Annuel-75,20', 108),
	(109, '2022-09-29', 'ACHAT CB Google YouTube 27.09.22 CARTE NUMERO                795  ', -11.99, '5578733W0201670187473337.csv', '29/09/2022ACHAT CB Google YouTube 27.09.22 CARTE NUMERO                795  -11,99', 109),
	(110, '2022-09-28', 'ACHAT CB AMAZON PAYMENT 26.09.22 CARTE NUMERO                795  ', -33.99, '5578733W0201670187473337.csv', '28/09/2022ACHAT CB AMAZON PAYMENT 26.09.22 CARTE NUMERO                795  -33,99', 110),
	(111, '2022-09-28', 'ACHAT CB AMAZON PAYMENT 26.09.22 CARTE NUMERO                795  ', -16.99, '5578733W0201670187473337.csv', '28/09/2022ACHAT CB AMAZON PAYMENT 26.09.22 CARTE NUMERO                795  -16,99', 111),
	(112, '2022-09-27', 'ACHAT CB CDISCOUNT      26.09.22 CARTE NUMERO                795  ', -19.99, '5578733W0201670187473337.csv', '27/09/2022ACHAT CB CDISCOUNT      26.09.22 CARTE NUMERO                795  -19,99', 112),
	(113, '2022-09-26', 'VIREMENT DE DIOURON MATTHIEU OU REFERENCE : 0190269200066001  ', 228.00, '5578733W0201670187473337.csv', '26/09/2022VIREMENT DE DIOURON MATTHIEU OU REFERENCE : 0190269200066001  228,00', 113),
	(114, '2022-09-23', 'VIREMENT POUR MR MUNOZ ALBUERNO RAFAEL COMPTE 10011000201204101354V76 REFERENCE : 0155266232638705', -2500.00, '5578733W0201670187473337.csv', '23/09/2022VIREMENT POUR MR MUNOZ ALBUERNO RAFAEL COMPTE 10011000201204101354V76 REFERENCE : 0155266232638705-2500,00', 114),
	(115, '2022-09-22', 'ACHAT CB BOUTIQUE SOSH  17.09.22 CARTE NUMERO                795  ', -10.00, '5578733W0201670187473337.csv', '22/09/2022ACHAT CB BOUTIQUE SOSH  17.09.22 CARTE NUMERO                795  -10,00', 115),
	(116, '2022-09-20', 'ACHAT CB BOULANGERIE TE 19.09.22 CARTE NUMERO                795  ', -5.60, '5578733W0201670187473337.csv', '20/09/2022ACHAT CB BOULANGERIE TE 19.09.22 CARTE NUMERO                795  -5,60', 116),
	(117, '2022-09-20', 'VIREMENT DE MR OU MME PUVIS DE C ANNES EMM VIREMENT VERS RAFAEL MUNOZ VIREMENT DE MR OU MME PUVIS DE C', 1992.00, '5578733W0201670187473337.csv', '20/09/2022VIREMENT DE MR OU MME PUVIS DE C ANNES EMM VIREMENT VERS RAFAEL MUNOZ VIREMENT DE MR OU MME PUVIS DE C1992,00', 117),
	(118, '2022-09-14', 'ACHAT CB Free Mobile    13.09.22 CARTE NUMERO                795  ', -20.42, '5578733W0201670187473337.csv', '14/09/2022ACHAT CB Free Mobile    13.09.22 CARTE NUMERO                795  -20,42', 118),
	(119, '2022-09-13', 'ACHAT CB Samsung France 12.09.22 CARTE NUMERO                795  ', -12.99, '5578733W0201670187473337.csv', '13/09/2022ACHAT CB Samsung France 12.09.22 CARTE NUMERO                795  -12,99', 119),
	(120, '2022-09-12', 'ACHAT CB RESID FALAISE  10.09.22 CARTE NUMERO                795  ', -185.60, '5578733W0201670187473337.csv', '12/09/2022ACHAT CB RESID FALAISE  10.09.22 CARTE NUMERO                795  -185,60', 120),
	(121, '2022-09-12', 'ACHAT CB AMAZON EU SARL 10.09.22 CARTE NUMERO                795  ', -30.52, '5578733W0201670187473337.csv', '12/09/2022ACHAT CB AMAZON EU SARL 10.09.22 CARTE NUMERO                795  -30,52', 121),
	(122, '2022-09-09', 'ACHAT CB AMAZON PAYMENT 08.09.22 CARTE NUMERO                795  ', -35.98, '5578733W0201670187473337.csv', '09/09/2022ACHAT CB AMAZON PAYMENT 08.09.22 CARTE NUMERO                795  -35,98', 122),
	(123, '2022-09-08', 'VIREMENT DE AC2 PRODUCTION FACTURE INV 0530 FACTURE INV 0530 REFERENCE : 0190250200169001', 1029.23, '5578733W0201670187473337.csv', '08/09/2022VIREMENT DE AC2 PRODUCTION FACTURE INV 0530 FACTURE INV 0530 REFERENCE : 01902502001690011029,23', 123),
	(124, '2022-09-07', 'ACHAT CB AMAZON PAYMENT 05.09.22 CARTE NUMERO                795  ', -82.98, '5578733W0201670187473337.csv', '07/09/2022ACHAT CB AMAZON PAYMENT 05.09.22 CARTE NUMERO                795  -82,98', 124),
	(125, '2022-09-07', 'ACHAT CB LUNESOURI.FR   05.09.22 EUR         23,97 CARTE NO  795  ', -23.97, '5578733W0201670187473337.csv', '07/09/2022ACHAT CB LUNESOURI.FR   05.09.22 EUR         23,97 CARTE NO  795  -23,97', 125),
	(126, '2022-09-07', 'VIREMENT DE URSSAF RA CC CESU SA RES RBB-CESUVISA423202209051201827 VIREMENT SALAIRE CESU+ MME REIGN', 125.00, '5578733W0201670187473337.csv', '07/09/2022VIREMENT DE URSSAF RA CC CESU SA RES RBB-CESUVISA423202209051201827 VIREMENT SALAIRE CESU+ MME REIGN125,00', 126),
	(127, '2022-09-06', 'VIREMENT DE DGFIP FINANCES PUBLI S 1E0870000M275002517793 REMB. EXC MENSUALISE         111', 104.00, '5578733W0201670187473337.csv', '06/09/2022VIREMENT DE DGFIP FINANCES PUBLI S 1E0870000M275002517793 REMB. EXC MENSUALISE         111104,00', 127),
	(128, '2022-09-05', 'PRELEVEMENT DE Navigo Annuel - G COMUTITRES REF : 3/16595518-1/689556139 Navigo Annuel', -75.20, '5578733W0201670187473337.csv', '05/09/2022PRELEVEMENT DE Navigo Annuel - G COMUTITRES REF : 3/16595518-1/689556139 Navigo Annuel-75,20', 128),
	(129, '2022-09-05', 'VIREMENT DE REGINA YORCKA MARGAR MU OZ ARA Pasajes flixbus REFERENCE : 0189248200002300', 100.00, '5578733W0201670187473337.csv', '05/09/2022VIREMENT DE REGINA YORCKA MARGAR MU OZ ARA Pasajes flixbus REFERENCE : 0189248200002300100,00', 129),
	(130, '2022-09-05', 'VIREMENT DE M RAFAEL MUNOZ ALBUE PAGES MENSUALES REFERENCE : 0181246270012224 ', 300.00, '5578733W0201670187473337.csv', '05/09/2022VIREMENT DE M RAFAEL MUNOZ ALBUE PAGES MENSUALES REFERENCE : 0181246270012224 300,00', 130),
	(131, '2022-09-01', 'VIREMENT PERMANENT POUR CRUCELISA ARISTIZABAL SA COMPTE FR0630002004360000021464Q REFERENCE : 0226244200229400', -485.00, '5578733W0201665949982353.csv', '01/09/2022VIREMENT PERMANENT POUR CRUCELISA ARISTIZABAL SA COMPTE FR0630002004360000021464Q REFERENCE : 0226244200229400-485,00', 131),
	(132, '2022-08-30', 'ACHAT CB NEXITI MARKET  29.08.22 CARTE NUMERO                795  ', -7.60, '5578733W0201665949982353.csv', '30/08/2022ACHAT CB NEXITI MARKET  29.08.22 CARTE NUMERO                795  -7,60', 132),
	(133, '2022-08-30', 'ACHAT CB IBRAHIM VIANDE 29.08.22 CARTE NUMERO                795  ', -6.00, '5578733W0201665949982353.csv', '30/08/2022ACHAT CB IBRAHIM VIANDE 29.08.22 CARTE NUMERO                795  -6,00', 133),
	(134, '2022-08-30', 'ACHAT CB BOULANGERIE TE 29.08.22 CARTE NUMERO                795  ', -5.60, '5578733W0201665949982353.csv', '30/08/2022ACHAT CB BOULANGERIE TE 29.08.22 CARTE NUMERO                795  -5,60', 134),
	(135, '2022-08-29', 'ACHAT CB Google YouTube 28.08.22 EUR         11,99 CARTE NO  795  ', -11.99, '5578733W0201665949982353.csv', '29/08/2022ACHAT CB Google YouTube 28.08.22 EUR         11,99 CARTE NO  795  -11,99', 135),
	(136, '2022-08-29', 'VIREMENT DE DIOURON MATTHIEU OU REFERENCE : 0190241200015001  ', 224.00, '5578733W0201665949982353.csv', '29/08/2022VIREMENT DE DIOURON MATTHIEU OU REFERENCE : 0190241200015001  224,00', 136),
	(137, '2022-08-19', 'ACHAT CB ALDI MARCHE 21 18.08.22 CARTE NUMERO                795  ', -39.98, '5578733W0201665949982353.csv', '19/08/2022ACHAT CB ALDI MARCHE 21 18.08.22 CARTE NUMERO                795  -39,98', 137),
	(138, '2022-08-18', 'ACHAT CB LIDL     1620  17.08.22 CARTE NUMERO                795  ', -47.64, '5578733W0201665949982353.csv', '18/08/2022ACHAT CB LIDL     1620  17.08.22 CARTE NUMERO                795  -47,64', 138),
	(139, '2022-08-17', 'ACHAT CB FLIXBUS.COM    15.08.22 CARTE NUMERO                795  ', -179.98, '5578733W0201665949982353.csv', '17/08/2022ACHAT CB FLIXBUS.COM    15.08.22 CARTE NUMERO                795  -179,98', 139),
	(140, '2022-08-17', 'ACHAT CB Free Mobile    16.08.22 CARTE NUMERO                795  ', -26.78, '5578733W0201665949982353.csv', '17/08/2022ACHAT CB Free Mobile    16.08.22 CARTE NUMERO                795  -26,78', 140),
	(141, '2022-08-16', 'PRELEVEMENT DE DIRECTION GENERAL ES FINANCES PUBL REF : 1E087000075033M2750025177 750331723829641268 111', -13.00, '5578733W0201665949982353.csv', '16/08/2022PRELEVEMENT DE DIRECTION GENERAL ES FINANCES PUBL REF : 1E087000075033M2750025177 750331723829641268 111-13,00', 141),
	(142, '2022-08-16', 'ACHAT CB TRIP.COM       14.08.22 EUR        299,72 CARTE NO  795  ', -299.72, '5578733W0201665949982353.csv', '16/08/2022ACHAT CB TRIP.COM       14.08.22 EUR        299,72 CARTE NO  795  -299,72', 142),
	(143, '2022-08-16', 'ACHAT CB Samsung France 12.08.22 CARTE NUMERO                795  ', -12.99, '5578733W0201665949982353.csv', '16/08/2022ACHAT CB Samsung France 12.08.22 CARTE NUMERO                795  -12,99', 143),
	(144, '2022-08-16', 'CREDIT CARTE BANCAIRE TRIP.COM        14.08.22 PAYS-BAS    CARTE NUMERO    795 ', 299.72, '5578733W0201665949982353.csv', '16/08/2022CREDIT CARTE BANCAIRE TRIP.COM        14.08.22 PAYS-BAS    CARTE NUMERO    795 299,72', 144),
	(145, '2022-08-11', 'VIREMENT INSTANTANE A MR OU ME QUIROZ FERNANDE 19 08 central park ', -100.00, '5578733W0201665949982353.csv', '11/08/2022VIREMENT INSTANTANE A MR OU ME QUIROZ FERNANDE 19 08 central park -100,00', 145),
	(146, '2022-08-09', 'CREDIT CARTE BANCAIRE CDISCOUNT       17.07.22 CARTE NUMERO                795 ', 14.99, '5578733W0201665949982353.csv', '09/08/2022CREDIT CARTE BANCAIRE CDISCOUNT       17.07.22 CARTE NUMERO                795 14,99', 146),
	(147, '2022-08-08', 'ACHAT CB MONOP          06.08.22 CARTE NUMERO                795  ', -36.13, '5578733W0201665949982353.csv', '08/08/2022ACHAT CB MONOP          06.08.22 CARTE NUMERO                795  -36,13', 147),
	(148, '2022-08-08', 'ACHAT CB GROUPE A   V   06.08.22 CARTE NUMERO                795  ', -31.90, '5578733W0201665949982353.csv', '08/08/2022ACHAT CB GROUPE A   V   06.08.22 CARTE NUMERO                795  -31,90', 148),
	(149, '2022-08-05', 'VIREMENT DE URSSAF RA CC CESU SA RES RBB-CESUVISA423202208031201146 VIREMENT SALAIRE CESU+ MME REIGN', 200.00, '5578733W0201665949982353.csv', '05/08/2022VIREMENT DE URSSAF RA CC CESU SA RES RBB-CESUVISA423202208031201146 VIREMENT SALAIRE CESU+ MME REIGN200,00', 149),
	(150, '2022-08-03', 'PRELEVEMENT DE Navigo Annuel - G COMUTITRES REF : 3/16595518-1/685230340 Navigo Annuel', -75.20, '5578733W0201665949982353.csv', '03/08/2022PRELEVEMENT DE Navigo Annuel - G COMUTITRES REF : 3/16595518-1/685230340 Navigo Annuel-75,20', 150),
	(151, '2022-08-01', 'VIREMENT PERMANENT POUR CRUCELISA ARISTIZABAL SA COMPTE FR0630002004360000021464Q REFERENCE : 0226213200380273', -485.00, '5578733W0201665949982353.csv', '01/08/2022VIREMENT PERMANENT POUR CRUCELISA ARISTIZABAL SA COMPTE FR0630002004360000021464Q REFERENCE : 0226213200380273-485,00', 151),
	(152, '2022-08-01', 'ACHAT CB PHARMACIE DU D 29.07.22 CARTE NUMERO                795  ', -22.90, '5578733W0201665949982353.csv', '01/08/2022ACHAT CB PHARMACIE DU D 29.07.22 CARTE NUMERO                795  -22,90', 152),
	(153, '2022-07-29', 'ACHAT CB Google YouTube 27.07.22 CARTE NUMERO                795  ', -11.99, '5578733W0201665949982353.csv', '29/07/2022ACHAT CB Google YouTube 27.07.22 CARTE NUMERO                795  -11,99', 153),
	(154, '2022-07-29', 'VIREMENT DE DIOURON MATTHIEU OU REFERENCE : 0190210200019001  ', 224.00, '5578733W0201665949982353.csv', '29/07/2022VIREMENT DE DIOURON MATTHIEU OU REFERENCE : 0190210200019001  224,00', 154),
	(155, '2022-07-28', 'ACHAT CB COCCI MARKET   27.07.22 CARTE NUMERO                795  ', -26.68, '5578733W0201665949982353.csv', '28/07/2022ACHAT CB COCCI MARKET   27.07.22 CARTE NUMERO                795  -26,68', 155),
	(156, '2022-07-25', 'ACHAT CB CARROUSSEL DIS 24.07.22 EUR         19,00 CARTE NO  795  ', -19.00, '5578733W0201665949982353.csv', '25/07/2022ACHAT CB CARROUSSEL DIS 24.07.22 EUR         19,00 CARTE NO  795  -19,00', 156),
	(157, '2022-07-19', 'ACHAT CB BOULANGERIE TE 18.07.22 CARTE NUMERO                795  ', -4.90, '5578733W0201665949982353.csv', '19/07/2022ACHAT CB BOULANGERIE TE 18.07.22 CARTE NUMERO                795  -4,90', 157),
	(158, '2022-07-19', 'CREDIT CARTE BANCAIRE CDISCOUNT       12.07.22 CARTE NUMERO                795 ', 10.98, '5578733W0201665949982353.csv', '19/07/2022CREDIT CARTE BANCAIRE CDISCOUNT       12.07.22 CARTE NUMERO                795 10,98', 158),
	(159, '2022-07-19', 'REMISE DE CHEQUE N  0488600 DE            C I C  ', 900.00, '5578733W0201665949982353.csv', '19/07/2022REMISE DE CHEQUE N  0488600 DE            C I C  900,00', 159),
	(160, '2022-07-18', 'VIREMENT INSTANTANE A MR OU ME QUIROZ FERNANDE central park ', -290.00, '5578733W0201665949982353.csv', '18/07/2022VIREMENT INSTANTANE A MR OU ME QUIROZ FERNANDE central park -290,00', 160),
	(161, '2022-07-18', 'ACHAT CB ALDI MARCHE 04 16.07.22 CARTE NUMERO                795  ', -39.78, '5578733W0201665949982353.csv', '18/07/2022ACHAT CB ALDI MARCHE 04 16.07.22 CARTE NUMERO                795  -39,78', 161),
	(162, '2022-07-18', 'ACHAT CB LA CANONNIERE  16.07.22 CARTE NUMERO                795  ', -36.00, '5578733W0201665949982353.csv', '18/07/2022ACHAT CB LA CANONNIERE  16.07.22 CARTE NUMERO                795  -36,00', 162),
	(163, '2022-07-18', 'ACHAT CB CDISCOUNT      17.07.22 CARTE NUMERO                795  ', -14.99, '5578733W0201665949982353.csv', '18/07/2022ACHAT CB CDISCOUNT      17.07.22 CARTE NUMERO                795  -14,99', 163),
	(164, '2022-07-18', 'VIREMENT DE MR MUNOZ ALBUERNO RA PAGO OTI, CENTRAL PARK 290 REFERENCE : 0181199210013920 ', 400.00, '5578733W0201665949982353.csv', '18/07/2022VIREMENT DE MR MUNOZ ALBUERNO RA PAGO OTI, CENTRAL PARK 290 REFERENCE : 0181199210013920 400,00', 164),
	(165, '2022-07-18', 'VIREMENT DE MR MUNOZ ALBUERNO RA CUADRAR CUENTA SALDO NEGATIVO REFERENCE : 0181196280025600 ', 100.00, '5578733W0201665949982353.csv', '18/07/2022VIREMENT DE MR MUNOZ ALBUERNO RA CUADRAR CUENTA SALDO NEGATIVO REFERENCE : 0181196280025600 100,00', 165),
	(166, '2022-07-15', 'PRELEVEMENT DE DIRECTION GENERAL ES FINANCES PUBL REF : 1E087000075033M2750025177 750331723829641268 111', -13.00, '5578733W0201661542659576.csv', '15/07/2022PRELEVEMENT DE DIRECTION GENERAL ES FINANCES PUBL REF : 1E087000075033M2750025177 750331723829641268 111-13,00', 166),
	(167, '2022-07-15', 'ACHAT CB Flixbus        13.07.22 CARTE NUMERO                795  ', -65.92, '5578733W0201661542659576.csv', '15/07/2022ACHAT CB Flixbus        13.07.22 CARTE NUMERO                795  -65,92', 167),
	(168, '2022-07-15', 'ACHAT CB AMAZON PAYMENT 12.07.22 CARTE NUMERO                795  ', -44.97, '5578733W0201661542659576.csv', '15/07/2022ACHAT CB AMAZON PAYMENT 12.07.22 CARTE NUMERO                795  -44,97', 168),
	(169, '2022-07-15', 'ACHAT CB Free Mobile    14.07.22 CARTE NUMERO                795  ', -19.99, '5578733W0201661542659576.csv', '15/07/2022ACHAT CB Free Mobile    14.07.22 CARTE NUMERO                795  -19,99', 169),
	(170, '2022-07-15', 'ACHAT CB NEXITI MARKET  13.07.22 CARTE NUMERO                795  ', -7.60, '5578733W0201661542659576.csv', '15/07/2022ACHAT CB NEXITI MARKET  13.07.22 CARTE NUMERO                795  -7,60', 170),
	(171, '2022-07-15', 'ACHAT CB BOULANGERIE TE 13.07.22 CARTE NUMERO                795  ', -4.90, '5578733W0201661542659576.csv', '15/07/2022ACHAT CB BOULANGERIE TE 13.07.22 CARTE NUMERO                795  -4,90', 171),
	(172, '2022-07-13', 'ACHAT CB CDISCOUNT      12.07.22 CARTE NUMERO                795  ', -10.98, '5578733W0201661542659576.csv', '13/07/2022ACHAT CB CDISCOUNT      12.07.22 CARTE NUMERO                795  -10,98', 172),
	(173, '2022-07-12', 'ACHAT CB LIDL     1620  11.07.22 CARTE NUMERO                795  ', -63.87, '5578733W0201661542659576.csv', '12/07/2022ACHAT CB LIDL     1620  11.07.22 CARTE NUMERO                795  -63,87', 173),
	(174, '2022-07-11', 'ACHAT CB Samsung France 10.07.22 CARTE NUMERO                795  ', -1401.79, '5578733W0201661542659576.csv', '11/07/2022ACHAT CB Samsung France 10.07.22 CARTE NUMERO                795  -1401,79', 174),
	(175, '2022-07-11', 'VIREMENT DE MR MUNOZ ALBUERNO RA SAMSUNG REFERENCE : 0181191210008724 ', 1500.00, '5578733W0201661542659576.csv', '11/07/2022VIREMENT DE MR MUNOZ ALBUERNO RA SAMSUNG REFERENCE : 0181191210008724 1500,00', 175),
	(176, '2022-07-08', 'ACHAT CB Flixbus        06.07.22 CARTE NUMERO                795  ', -52.96, '5578733W0201661542659576.csv', '08/07/2022ACHAT CB Flixbus        06.07.22 CARTE NUMERO                795  -52,96', 176),
	(177, '2022-07-08', 'ACHAT CB Flixbus        06.07.22 CARTE NUMERO                795  ', -26.96, '5578733W0201661542659576.csv', '08/07/2022ACHAT CB Flixbus        06.07.22 CARTE NUMERO                795  -26,96', 177),
	(178, '2022-07-05', 'REMISE COMMERCIALE D AGIOS', 1.50, '5578733W0201661542659576.csv', '05/07/2022REMISE COMMERCIALE D AGIOS1,50', 178),
	(179, '2022-07-05', 'MINIMUM FORFAITAIRE TRIMESTRIEL D UTILISATION DU DECOUVERT  ', -1.50, '5578733W0201661542659576.csv', '05/07/2022MINIMUM FORFAITAIRE TRIMESTRIEL D UTILISATION DU DECOUVERT  -1,50', 179),
	(180, '2022-07-05', 'ACHAT CB CDISCOUNT      03.07.22 CARTE NUMERO                795  ', -19.99, '5578733W0201661542659576.csv', '05/07/2022ACHAT CB CDISCOUNT      03.07.22 CARTE NUMERO                795  -19,99', 180),
	(181, '2022-07-05', 'VIREMENT DE REGINA YORCKA MARGAR MU OZ ARA Transporte Perritas REFERENCE : 0189186200003500', 300.00, '5578733W0201661542659576.csv', '05/07/2022VIREMENT DE REGINA YORCKA MARGAR MU OZ ARA Transporte Perritas REFERENCE : 0189186200003500300,00', 181),
	(182, '2022-07-04', 'VIREMENT POUR CRUCELISA ARISTIZABAL SA COMPTE FR0630002004360000021464Q LOUE JUILLET', -470.00, '5578733W0201661542659576.csv', '04/07/2022VIREMENT POUR CRUCELISA ARISTIZABAL SA COMPTE FR0630002004360000021464Q LOUE JUILLET-470,00', 182),
	(183, '2022-07-04', 'PRELEVEMENT DE Navigo Annuel - G COMUTITRES REF : 3/16595518-1/679267334 Navigo Annuel', -75.20, '5578733W0201661542659576.csv', '04/07/2022PRELEVEMENT DE Navigo Annuel - G COMUTITRES REF : 3/16595518-1/679267334 Navigo Annuel-75,20', 183),
	(184, '2022-07-04', 'ACHAT CB CDISCOUNT      03.07.22 CARTE NUMERO                795  ', -359.99, '5578733W0201661542659576.csv', '04/07/2022ACHAT CB CDISCOUNT      03.07.22 CARTE NUMERO                795  -359,99', 184),
	(185, '2022-07-04', 'COTISATION TRIMESTRIELLE DE VOTRE FORMULE DE COMPTE  ', -44.40, '5578733W0201661542659576.csv', '04/07/2022COTISATION TRIMESTRIELLE DE VOTRE FORMULE DE COMPTE  -44,40', 185),
	(186, '2022-07-04', 'VIREMENT DE MR MUNOZ ALBUERNO RA REFERENCE : 0181182210033156  ', 400.00, '5578733W0201661542659576.csv', '04/07/2022VIREMENT DE MR MUNOZ ALBUERNO RA REFERENCE : 0181182210033156  400,00', 186),
	(187, '2022-06-30', 'ACHAT CB FRANPRIX 5428  29.06.22 CARTE NUMERO                795  ', -6.23, '5578733W0201661542659576.csv', '30/06/2022ACHAT CB FRANPRIX 5428  29.06.22 CARTE NUMERO                795  -6,23', 187),
	(188, '2022-06-30', 'VIREMENT DE URSSAF RA CC CESU SA RES RBB-CESUVISA423202206281201443 VIREMENT SALAIRE CESU+ MME REIGN', 275.00, '5578733W0201661542659576.csv', '30/06/2022VIREMENT DE URSSAF RA CC CESU SA RES RBB-CESUVISA423202206281201443 VIREMENT SALAIRE CESU+ MME REIGN275,00', 188),
	(189, '2022-06-29', 'ACHAT CB FRANPRIX       28.06.22 CARTE NUMERO                795  ', -27.93, '5578733W0201661542659576.csv', '29/06/2022ACHAT CB FRANPRIX       28.06.22 CARTE NUMERO                795  -27,93', 189),
	(190, '2022-06-29', 'ACHAT CB Google YouTube 27.06.22 CARTE NUMERO                795  ', -11.99, '5578733W0201661542659576.csv', '29/06/2022ACHAT CB Google YouTube 27.06.22 CARTE NUMERO                795  -11,99', 190),
	(191, '2022-06-28', 'VIREMENT DE DIOURON MATTHIEU OU Virement depuis Ma Banque REFERENCE : 0190178200163001 ', 224.00, '5578733W0201661542659576.csv', '28/06/2022VIREMENT DE DIOURON MATTHIEU OU Virement depuis Ma Banque REFERENCE : 0190178200163001 224,00', 191),
	(192, '2022-06-28', 'VIREMENT DE CRCESU VIR CRCESU 1191085 28/06/2022 REFERENCE : 0190179200093001 ', 25.00, '5578733W0201661542659576.csv', '28/06/2022VIREMENT DE CRCESU VIR CRCESU 1191085 28/06/2022 REFERENCE : 0190179200093001 25,00', 192),
	(193, '2022-06-24', 'PRELEVEMENT DE SFR REF : 003372640511 99-194U0J-01 SFR mobile Prlvt SEPA 99-194U0J- 003372640511', -18.90, '5578733W0201661542659576.csv', '24/06/2022PRELEVEMENT DE SFR REF : 003372640511 99-194U0J-01 SFR mobile Prlvt SEPA 99-194U0J- 003372640511-18,90', 193),
	(194, '2022-06-24', 'VIREMENT DE MR MUNOZ ALBUERNO RA SOBREGIRADO REFERENCE : 0181175280010655 ', 100.00, '5578733W0201661542659576.csv', '24/06/2022VIREMENT DE MR MUNOZ ALBUERNO RA SOBREGIRADO REFERENCE : 0181175280010655 100,00', 194),
	(195, '2022-06-20', 'ACHAT CB ADEO LEROY MER 19.06.22 CARTE NUMERO                795  ', -80.30, '5578733W0201661542659576.csv', '20/06/2022ACHAT CB ADEO LEROY MER 19.06.22 CARTE NUMERO                795  -80,30', 195),
	(196, '2022-06-20', 'ACHAT CB ADEO LEROY MER 19.06.22 CARTE NUMERO                795  ', -69.80, '5578733W0201661542659576.csv', '20/06/2022ACHAT CB ADEO LEROY MER 19.06.22 CARTE NUMERO                795  -69,80', 196),
	(197, '2022-06-20', 'ACHAT CB CDISCOUNT      12.06.22 CARTE NUMERO                795  ', -29.00, '5578733W0201661542659576.csv', '20/06/2022ACHAT CB CDISCOUNT      12.06.22 CARTE NUMERO                795  -29,00', 197),
	(198, '2022-06-20', 'ACHAT CB MY AUCHAN      17.06.22 CARTE NUMERO                795  ', -6.36, '5578733W0201661542659576.csv', '20/06/2022ACHAT CB MY AUCHAN      17.06.22 CARTE NUMERO                795  -6,36', 198),
	(199, '2022-06-20', 'ACHAT CB aliexpress     17.06.22 EUR          5,80 CARTE NO  795  ', -5.80, '5578733W0201661542659576.csv', '20/06/2022ACHAT CB aliexpress     17.06.22 EUR          5,80 CARTE NO  795  -5,80', 199),
	(200, '2022-06-20', 'ACHAT CB LES SAVEURS DE 17.06.22 CARTE NUMERO                795  ', -3.80, '5578733W0201661542659576.csv', '20/06/2022ACHAT CB LES SAVEURS DE 17.06.22 CARTE NUMERO                795  -3,80', 200),
	(201, '2022-06-16', 'ACHAT CB FUN PARTY      15.06.22 CARTE NUMERO                795  ', -32.80, '5578733W0201661542659576.csv', '16/06/2022ACHAT CB FUN PARTY      15.06.22 CARTE NUMERO                795  -32,80', 201),
	(202, '2022-06-16', 'ACHAT CB FRANPRIX 5428  15.06.22 CARTE NUMERO                795  ', -7.96, '5578733W0201661542659576.csv', '16/06/2022ACHAT CB FRANPRIX 5428  15.06.22 CARTE NUMERO                795  -7,96', 202),
	(203, '2022-06-16', 'ACHAT CB BOULANGERIE TE 15.06.22 CARTE NUMERO                795  ', -4.90, '5578733W0201661542659576.csv', '16/06/2022ACHAT CB BOULANGERIE TE 15.06.22 CARTE NUMERO                795  -4,90', 203),
	(204, '2022-06-15', 'PRELEVEMENT DE DIRECTION GENERAL ES FINANCES PUBL REF : 1E087000075033M2750025177 750331723829641268 111', -13.00, '5578733W0201661542659576.csv', '15/06/2022PRELEVEMENT DE DIRECTION GENERAL ES FINANCES PUBL REF : 1E087000075033M2750025177 750331723829641268 111-13,00', 204),
	(205, '2022-06-13', 'ACHAT CB CDISCOUNT      12.06.22 CARTE NUMERO                795  ', -184.98, '5578733W0201661542659576.csv', '13/06/2022ACHAT CB CDISCOUNT      12.06.22 CARTE NUMERO                795  -184,98', 205),
	(206, '2022-06-13', 'ACHAT CB DOPPIO DEFENCE 12.06.22 CARTE NUMERO                795  ', -87.90, '5578733W0201661542659576.csv', '13/06/2022ACHAT CB DOPPIO DEFENCE 12.06.22 CARTE NUMERO                795  -87,90', 206),
	(207, '2022-06-13', 'ACHAT CB PICWICTOYS     12.06.22 CARTE NUMERO                795  ', -30.98, '5578733W0201661542659576.csv', '13/06/2022ACHAT CB PICWICTOYS     12.06.22 CARTE NUMERO                795  -30,98', 207),
	(208, '2022-06-13', 'ACHAT CB FREE MOBILE    12.06.22 CARTE NUMERO                795  ', -29.99, '5578733W0201661542659576.csv', '13/06/2022ACHAT CB FREE MOBILE    12.06.22 CARTE NUMERO                795  -29,99', 208),
	(209, '2022-06-13', 'ACHAT CB AZTEXTILE      12.06.22 CARTE NUMERO                795  ', -17.00, '5578733W0201661542659576.csv', '13/06/2022ACHAT CB AZTEXTILE      12.06.22 CARTE NUMERO                795  -17,00', 209),
	(210, '2022-06-13', 'ACHAT CB FRANPRIX       11.06.22 CARTE NUMERO                795  ', -11.10, '5578733W0201661542659576.csv', '13/06/2022ACHAT CB FRANPRIX       11.06.22 CARTE NUMERO                795  -11,10', 210),
	(211, '2022-06-13', 'ACHAT CB CDISCOUNT      12.06.22 CARTE NUMERO                795  ', -7.99, '5578733W0201661542659576.csv', '13/06/2022ACHAT CB CDISCOUNT      12.06.22 CARTE NUMERO                795  -7,99', 211),
	(212, '2022-06-10', 'ACHAT CB 3015 ST CLOUD  09.06.22 CARTE NUMERO                795  ', -9.57, '5578733W0201661542659576.csv', '10/06/2022ACHAT CB 3015 ST CLOUD  09.06.22 CARTE NUMERO                795  -9,57', 212),
	(213, '2022-06-09', 'ACHAT CB G20            08.06.22 CARTE NUMERO                795  ', -14.02, '5578733W0201661542659576.csv', '09/06/2022ACHAT CB G20            08.06.22 CARTE NUMERO                795  -14,02', 213),
	(214, '2022-06-08', 'ACHAT CB AMAZON PAYMENT 06.06.22 CARTE NUMERO                795  ', -145.75, '5578733W0201661542659576.csv', '08/06/2022ACHAT CB AMAZON PAYMENT 06.06.22 CARTE NUMERO                795  -145,75', 214),
	(215, '2022-06-08', 'ACHAT CB FRANPRIX       07.06.22 CARTE NUMERO                795  ', -37.41, '5578733W0201661542659576.csv', '08/06/2022ACHAT CB FRANPRIX       07.06.22 CARTE NUMERO                795  -37,41', 215),
	(216, '2022-06-08', 'VIREMENT DE CRCESU VIR CRCESU 1191085 08/06/2022 REFERENCE : 0190159200114001 ', 250.00, '5578733W0201661542659576.csv', '08/06/2022VIREMENT DE CRCESU VIR CRCESU 1191085 08/06/2022 REFERENCE : 0190159200114001 250,00', 216),
	(217, '2022-06-07', 'CREDIT CARTE BANCAIRE AMAZON PAYMENTS 05.06.22 CARTE NUMERO                795 ', 109.99, '5578733W0201661542659576.csv', '07/06/2022CREDIT CARTE BANCAIRE AMAZON PAYMENTS 05.06.22 CARTE NUMERO                795 109,99', 217),
	(218, '2022-06-03', 'PRELEVEMENT DE Navigo Annuel - G COMUTITRES REF : 3/16595518-1/675235621 Navigo Annuel', -75.20, '5578733W0201661542659576.csv', '03/06/2022PRELEVEMENT DE Navigo Annuel - G COMUTITRES REF : 3/16595518-1/675235621 Navigo Annuel-75,20', 218),
	(219, '2022-06-03', 'VIREMENT DE REGINA YORCKA MARGAR MU OZ ARA Transporte Perritas REFERENCE : 0189154200001200', 300.00, '5578733W0201661542659576.csv', '03/06/2022VIREMENT DE REGINA YORCKA MARGAR MU OZ ARA Transporte Perritas REFERENCE : 0189154200001200300,00', 219),
	(220, '2022-06-02', 'PRELEVEMENT DE SFR REF : 003372303506 99-194U0J-01 SFR mobile Prlvt SEPA 99-194U0J- 003372303506', -23.00, '5578733W0201661542659576.csv', '02/06/2022PRELEVEMENT DE SFR REF : 003372303506 99-194U0J-01 SFR mobile Prlvt SEPA 99-194U0J- 003372303506-23,00', 220),
	(221, '2022-06-01', 'VIREMENT POUR CRUCELISA ARISTIZABAL SA COMPTE FR0630002004360000021464Q LOUE JUIN', -470.00, '5578733W0201661542659576.csv', '01/06/2022VIREMENT POUR CRUCELISA ARISTIZABAL SA COMPTE FR0630002004360000021464Q LOUE JUIN-470,00', 221),
	(222, '2022-05-30', 'ACHAT CB TotalE Elec G  28.05.22 CARTE NUMERO                795  ', -450.43, '5578733W0201661542659576.csv', '30/05/2022ACHAT CB TotalE Elec G  28.05.22 CARTE NUMERO                795  -450,43', 222),
	(223, '2022-05-30', 'ACHAT CB IKEA WEB VAD   28.05.22 CARTE NUMERO                795  ', -118.99, '5578733W0201661542659576.csv', '30/05/2022ACHAT CB IKEA WEB VAD   28.05.22 CARTE NUMERO                795  -118,99', 223),
	(224, '2022-05-30', 'ACHAT CB FRANPRIX       28.05.22 CARTE NUMERO                795  ', -28.49, '5578733W0201661542659576.csv', '30/05/2022ACHAT CB FRANPRIX       28.05.22 CARTE NUMERO                795  -28,49', 224),
	(225, '2022-05-30', 'ACHAT CB Google YouTube 28.05.22 EUR         11,99 CARTE NO  795  ', -11.99, '5578733W0201661542659576.csv', '30/05/2022ACHAT CB Google YouTube 28.05.22 EUR         11,99 CARTE NO  795  -11,99', 225),
	(226, '2022-05-30', 'VIREMENT DE DIOURON MATTHIEU OU Virement depuis Ma Banque REFERENCE : 0190150200061001 ', 224.00, '5578733W0201661542659576.csv', '30/05/2022VIREMENT DE DIOURON MATTHIEU OU Virement depuis Ma Banque REFERENCE : 0190150200061001 224,00', 226),
	(227, '2022-05-25', 'ACHAT CB FNAC           24.05.22 CARTE NUMERO                795  ', -179.99, '5578733W0201658823358389.csv', '25/05/2022ACHAT CB FNAC           24.05.22 CARTE NUMERO                795  -179,99', 227),
	(228, '2022-05-25', 'ACHAT CB FRANPRIX 5428  24.05.22 CARTE NUMERO                795  ', -12.80, '5578733W0201658823358389.csv', '25/05/2022ACHAT CB FRANPRIX 5428  24.05.22 CARTE NUMERO                795  -12,80', 228),
	(229, '2022-05-23', 'ACHAT CB AMAZON PAYMENT 19.05.22 CARTE NUMERO                795  ', -109.99, '5578733W0201658823358389.csv', '23/05/2022ACHAT CB AMAZON PAYMENT 19.05.22 CARTE NUMERO                795  -109,99', 229),
	(230, '2022-05-23', 'ACHAT CB Google Payment 21.05.22 EUR          4,99 CARTE NO  795  ', -4.99, '5578733W0201658823358389.csv', '23/05/2022ACHAT CB Google Payment 21.05.22 EUR          4,99 CARTE NO  795  -4,99', 230),
	(231, '2022-05-16', 'PRELEVEMENT DE DIRECTION GENERAL ES FINANCES PUBL REF : 1E087000075033M2750025177 750331723829641268 111', -13.00, '5578733W0201658823358389.csv', '16/05/2022PRELEVEMENT DE DIRECTION GENERAL ES FINANCES PUBL REF : 1E087000075033M2750025177 750331723829641268 111-13,00', 231),
	(232, '2022-05-13', 'ACHAT CB DEKRA SERV FR  11.05.22 EUR         30,00 CARTE NO  795  ', -30.00, '5578733W0201658823358389.csv', '13/05/2022ACHAT CB DEKRA SERV FR  11.05.22 EUR         30,00 CARTE NO  795  -30,00', 232),
	(233, '2022-05-12', 'CARTE X2795    11/05/22 A 18H56 RETRAIT DAB LCL PARIS OBERKAMPF  ', -20.00, '5578733W0201658823358389.csv', '12/05/2022CARTE X2795    11/05/22 A 18H56 RETRAIT DAB LCL PARIS OBERKAMPF  -20,00', 233),
	(234, '2022-05-10', 'VIREMENT DE MR OU MME PUVIS DE C ANNES EMM VIREMENT VERS RAFAEL MUNOZ VIREMENT DE MR OU MME PUVIS DE C', 324.00, '5578733W0201658823358389.csv', '10/05/2022VIREMENT DE MR OU MME PUVIS DE C ANNES EMM VIREMENT VERS RAFAEL MUNOZ VIREMENT DE MR OU MME PUVIS DE C324,00', 234),
	(235, '2022-05-04', 'PRELEVEMENT DE SFR REF : 003131820080 99-194U0J-01 SFR mobile Prlvt SEPA 99-194U0J- 003131820080', -23.00, '5578733W0201658823358389.csv', '04/05/2022PRELEVEMENT DE SFR REF : 003131820080 99-194U0J-01 SFR mobile Prlvt SEPA 99-194U0J- 003131820080-23,00', 235),
	(236, '2022-05-04', 'VIREMENT DE CRCESU VIR CRCESU 1191085 04/05/2022 REFERENCE : 0190124200080001 ', 275.00, '5578733W0201658823358389.csv', '04/05/2022VIREMENT DE CRCESU VIR CRCESU 1191085 04/05/2022 REFERENCE : 0190124200080001 275,00', 236),
	(237, '2022-05-03', 'PRELEVEMENT DE Navigo Annuel - G COMUTITRES REF : 3/16595518-1/671376080 Navigo Annuel', -75.20, '5578733W0201658823358389.csv', '03/05/2022PRELEVEMENT DE Navigo Annuel - G COMUTITRES REF : 3/16595518-1/671376080 Navigo Annuel-75,20', 237),
	(238, '2022-04-29', 'VIREMENT POUR CRUCELISA ARISTIZABAL SA COMPTE FR0630002004360000021464Q LOUE MAIS', -470.00, '5578733W0201658823358389.csv', '29/04/2022VIREMENT POUR CRUCELISA ARISTIZABAL SA COMPTE FR0630002004360000021464Q LOUE MAIS-470,00', 238),
	(239, '2022-04-29', 'VIREMENT DE DIOURON MATTHIEU OU Virement depuis Ma Banque REFERENCE : 0190118200126001 ', 224.00, '5578733W0201658823358389.csv', '29/04/2022VIREMENT DE DIOURON MATTHIEU OU Virement depuis Ma Banque REFERENCE : 0190118200126001 224,00', 239),
	(240, '2022-07-18', 'VIREMENT CREDIT', 400.00, '5578733W0201658151757526.csv', '18/07/2022VIREMENT CREDIT400,00', 240),
	(241, '2022-07-18', 'VIREMENT INSTANTANE DEBIT', -290.00, '5578733W0201658151757526.csv', '18/07/2022VIREMENT INSTANTANE DEBIT-290,00', 241),
	(242, '2022-07-15', 'VIREMENT CREDIT', 100.00, '5578733W0201658151757526.csv', '15/07/2022VIREMENT CREDIT100,00', 242),
	(243, '2022-04-19', 'PRELEVEMENT DE DIRECTION GENERAL ES FINANCES PUBL REF : 1E087000075033M2750025177 750331723829641268 111', -13.00, '5578733W0201657918930227.csv', '19/04/2022PRELEVEMENT DE DIRECTION GENERAL ES FINANCES PUBL REF : 1E087000075033M2750025177 750331723829641268 111-13,00', 243),
	(244, '2022-04-12', 'REMISE DE CHEQUE N  9838221 DE            S GENERALE  ', 33.90, '5578733W0201657311221495.csv', '12/04/2022REMISE DE CHEQUE N  9838221 DE            S GENERALE  33,90', 244),
	(245, '2022-06-01', 'VIREMENT DEBIT', -470.00, '5578733W0201654111210587.csv', '01/06/2022VIREMENT DEBIT-470,00', 245),
	(246, '2022-04-08', 'VIREMENT DE CRCESU VIR CRCESU 1191085 08/04/2022 REFERENCE : 0190098200071001 ', 250.00, '5578733W0201654111210587.csv', '08/04/2022VIREMENT DE CRCESU VIR CRCESU 1191085 08/04/2022 REFERENCE : 0190098200071001 250,00', 246),
	(247, '2022-04-04', 'PRELEVEMENT DE Navigo Annuel - G COMUTITRES REF : 3/16595518-1/666907120 Navigo Annuel', -75.20, '5578733W0201654111210587.csv', '04/04/2022PRELEVEMENT DE Navigo Annuel - G COMUTITRES REF : 3/16595518-1/666907120 Navigo Annuel-75,20', 247),
	(248, '2022-04-04', 'PRELEVEMENT DE SFR REF : 003971086954 99-194U0J-01 SFR mobile Prlvt SEPA 99-194U0J- 003971086954', -23.00, '5578733W0201654111210587.csv', '04/04/2022PRELEVEMENT DE SFR REF : 003971086954 99-194U0J-01 SFR mobile Prlvt SEPA 99-194U0J- 003971086954-23,00', 248),
	(249, '2022-04-04', 'COTISATION TRIMESTRIELLE DE VOTRE FORMULE DE COMPTE  ', -44.40, '5578733W0201654111210587.csv', '04/04/2022COTISATION TRIMESTRIELLE DE VOTRE FORMULE DE COMPTE  -44,40', 249),
	(250, '2022-04-04', 'VIREMENT DE MR OU MME PUVIS DE C ANNES EMM VIREMENT VERS RAFAEL MUNOZ VIREMENT DE MR OU MME PUVIS DE C', 708.00, '5578733W0201654111210587.csv', '04/04/2022VIREMENT DE MR OU MME PUVIS DE C ANNES EMM VIREMENT VERS RAFAEL MUNOZ VIREMENT DE MR OU MME PUVIS DE C708,00', 250),
	(251, '2022-04-01', 'VIREMENT POUR CRUCELISA ARISTIZABAL SA COMPTE FR0630002004360000021464Q LOUE AVRIL', -470.00, '5578733W0201654111210587.csv', '01/04/2022VIREMENT POUR CRUCELISA ARISTIZABAL SA COMPTE FR0630002004360000021464Q LOUE AVRIL-470,00', 251),
	(252, '2022-03-28', 'VIREMENT DE DIOURON MATTHIEU OU Virement depuis Ma Banque REFERENCE : 0190087200068001 ', 224.00, '5578733W0201654111210587.csv', '28/03/2022VIREMENT DE DIOURON MATTHIEU OU Virement depuis Ma Banque REFERENCE : 0190087200068001 224,00', 252),
	(253, '2022-03-15', 'PRELEVEMENT DE DIRECTION GENERAL ES FINANCES PUBL REF : 1E087000075033M2750025177 750331723829641268 111', -13.00, '5578733W0201654111210587.csv', '15/03/2022PRELEVEMENT DE DIRECTION GENERAL ES FINANCES PUBL REF : 1E087000075033M2750025177 750331723829641268 111-13,00', 253),
	(254, '2022-03-08', 'VIREMENT DE URSSAF RA CC CESU SA RES RBB-CESUVISA423202203071201285 VIREMENT SALAIRE CESU+ MME REIGN', 250.00, '5578733W0201654111210587.csv', '08/03/2022VIREMENT DE URSSAF RA CC CESU SA RES RBB-CESUVISA423202203071201285 VIREMENT SALAIRE CESU+ MME REIGN250,00', 254),
	(255, '2022-03-07', 'PRELEVEMENT DE SFR REF : 003330814748 99-194U0J-01 SFR mobile Prlvt SEPA 99-194U0J- 003330814748', -23.80, '5578733W0201654111210587.csv', '07/03/2022PRELEVEMENT DE SFR REF : 003330814748 99-194U0J-01 SFR mobile Prlvt SEPA 99-194U0J- 003330814748-23,80', 255),
	(256, '2022-03-03', 'VIREMENT POUR CRUCELISA ARISTIZABAL SA COMPTE FR0630002004360000021464Q CADEAU', -100.00, '5578733W0201654111210587.csv', '03/03/2022VIREMENT POUR CRUCELISA ARISTIZABAL SA COMPTE FR0630002004360000021464Q CADEAU-100,00', 256),
	(257, '2022-03-01', 'VIREMENT POUR CRUCELISA ARISTIZABAL SA COMPTE FR0630002004360000021464Q LOUE MARS', -470.00, '5578733W0201652469222211.csv', '01/03/2022VIREMENT POUR CRUCELISA ARISTIZABAL SA COMPTE FR0630002004360000021464Q LOUE MARS-470,00', 257),
	(258, '2022-02-28', 'VIREMENT DE DIOURON MATTHIEU OU Virement depuis Ma Banque REFERENCE : 0190059200022001 ', 224.00, '5578733W0201652469222211.csv', '28/02/2022VIREMENT DE DIOURON MATTHIEU OU Virement depuis Ma Banque REFERENCE : 0190059200022001 224,00', 258),
	(259, '2022-02-15', 'PRELEVEMENT DE DIRECTION GENERAL ES FINANCES PUBL REF : 1E087000075033M2750025177 750331723829641268 111', -13.00, '5578733W0201652469222211.csv', '15/02/2022PRELEVEMENT DE DIRECTION GENERAL ES FINANCES PUBL REF : 1E087000075033M2750025177 750331723829641268 111-13,00', 259),
	(260, '2022-02-07', 'VIREMENT DE URSSAF RA CC CESU SA RES RBB-CESUVISA423202202041202874 VIREMENT SALAIRE CESU+ MME REIGN', 225.00, '5578733W0201648633478870.csv', '07/02/2022VIREMENT DE URSSAF RA CC CESU SA RES RBB-CESUVISA423202202041202874 VIREMENT SALAIRE CESU+ MME REIGN225,00', 260),
	(261, '2022-02-03', 'PRELEVEMENT DE Navigo Annuel - G COMUTITRES REF : 3/16595518-1/658356043 Navigo Annuel', -75.20, '5578733W0201648633478870.csv', '03/02/2022PRELEVEMENT DE Navigo Annuel - G COMUTITRES REF : 3/16595518-1/658356043 Navigo Annuel-75,20', 261),
	(262, '2022-02-03', 'PRELEVEMENT DE SFR REF : 003890143072 99-194U0J-01 SFR mobile Prlvt SEPA 99-194U0J- 003890143072', -20.99, '5578733W0201648633478870.csv', '03/02/2022PRELEVEMENT DE SFR REF : 003890143072 99-194U0J-01 SFR mobile Prlvt SEPA 99-194U0J- 003890143072-20,99', 262);
/*!40000 ALTER TABLE `traspasos` ENABLE KEYS */;

-- Listage de la structure de la table laravel10. users
CREATE TABLE IF NOT EXISTS `users` (
  `id` bigint(20) unsigned NOT NULL AUTO_INCREMENT,
  `name` varchar(255) COLLATE utf8mb4_unicode_ci NOT NULL,
  `email` varchar(255) COLLATE utf8mb4_unicode_ci NOT NULL,
  `email_verified_at` timestamp NULL DEFAULT NULL,
  `password` varchar(255) COLLATE utf8mb4_unicode_ci DEFAULT NULL,
  `two_factor_secret` text COLLATE utf8mb4_unicode_ci,
  `two_factor_recovery_codes` text COLLATE utf8mb4_unicode_ci,
  `two_factor_confirmed_at` timestamp NULL DEFAULT NULL,
  `remember_token` varchar(100) COLLATE utf8mb4_unicode_ci DEFAULT NULL,
  `current_team_id` bigint(20) unsigned DEFAULT NULL,
  `profile_photo_path` varchar(2048) COLLATE utf8mb4_unicode_ci DEFAULT NULL,
  `is_active` tinyint(1) DEFAULT '1',
  `created_at` timestamp NULL DEFAULT NULL,
  `updated_at` timestamp NULL DEFAULT NULL ON UPDATE CURRENT_TIMESTAMP,
  PRIMARY KEY (`id`),
  UNIQUE KEY `users_email_unique` (`email`)
) ENGINE=InnoDB AUTO_INCREMENT=121 DEFAULT CHARSET=utf8mb4 COLLATE=utf8mb4_unicode_ci;

-- Listage des données de la table laravel10.users : ~101 rows (environ)
/*!40000 ALTER TABLE `users` DISABLE KEYS */;
INSERT INTO `users` (`id`, `name`, `email`, `email_verified_at`, `password`, `two_factor_secret`, `two_factor_recovery_codes`, `two_factor_confirmed_at`, `remember_token`, `current_team_id`, `profile_photo_path`, `is_active`, `created_at`, `updated_at`) VALUES
	(1, 'Super Admin', 'admin@email.com', '2023-02-28 19:51:15', '$2y$10$/IKbmgTQyAS1e8fqcqFBMOMb/uMOA.vSKEcHGyWuihmV.iaTe8Clu', NULL, NULL, NULL, 'lh7rgbals4', NULL, '/storage/avatars/admin.png', 1, '2023-02-28 19:51:15', '2023-02-28 19:51:15'),
	(2, 'guest', 'guest@email.com', '2023-02-28 19:51:15', '$2y$10$rfqfhcGpd/.t8j/r.ypUt.bJPTVSQztUwSmznlwx86t0XWknTQ96a', NULL, NULL, NULL, 'EIahKEkLeR', NULL, '/storage/avatars/guest.png', 1, '2023-02-28 19:51:17', '2023-02-28 19:51:17'),
	(3, 'Arnaud Alphonse', 'ArnaudAlphonse@hotmail.fr', '2023-02-28 19:51:18', '$2y$10$BBdzVFEIWSQV1UGd9e1IburzuQyxt5yv4QgDERreF.xG6NUVwpZ2q', NULL, NULL, NULL, '6r7Tu1YRJl', NULL, 'https://via.placeholder.com/640x480.png/0066dd', 1, '2023-02-28 19:51:27', '2023-02-28 19:51:27'),
	(4, 'Lemonnier Guy', 'LemonnierGuy@yahoo.fr', '2023-02-28 19:51:18', '$2y$10$6Q2ky56TmgFISL3tzR4bWOmeGGJ/Z7ICId9TOPO0qGN1Jw4kRZeB.', NULL, NULL, NULL, 'q6U1p03SUz', NULL, 'https://via.placeholder.com/640x480.png/009955', 1, '2023-02-28 19:51:27', '2023-02-28 19:51:27'),
	(5, 'Klein Yves', 'Klein_Yves@live.com', '2023-02-28 19:51:18', '$2y$10$7rG7BD3OUytzCCvlJ0SJJuSZwokGJbqz.8Ai4FTP0tu/anM02GN3.', NULL, NULL, NULL, 'CGi5ODWY1G', NULL, 'https://via.placeholder.com/640x480.png/00dd11', 1, '2023-02-28 19:51:27', '2023-02-28 19:51:27'),
	(6, 'Aubry Célina', 'Aubry.Celina@club-internet.fr', '2023-02-28 19:51:18', '$2y$10$bH1YCQNESZbdZ7Hj5d3vC.7Yiklu016KL0W0X4njf4DBjnccEtuxS', NULL, NULL, NULL, 'YPplaOiKaT', NULL, 'https://via.placeholder.com/640x480.png/00cc99', 0, '2023-02-28 19:51:27', '2023-02-28 19:51:27'),
	(7, 'Richard Luc', 'Richard_Luc@club-internet.fr', '2023-02-28 19:51:19', '$2y$10$uavhvifVXInbQrscmO6aQu7Qadi32UCtnPjgCo9p8pbR0bBiLdvlW', NULL, NULL, NULL, 'hz8IAouA1Y', NULL, 'https://via.placeholder.com/640x480.png/0066cc', 1, '2023-02-28 19:51:27', '2023-02-28 19:51:27'),
	(8, 'Etienne Bertrand', 'EtienneBertrand@tele2.fr', '2023-02-28 19:51:19', '$2y$10$osIoH.kM3p4ZjA3tDN7vCOCXvuYQeOYwm6e45gmgNhDJnWHhqpot.', NULL, NULL, NULL, 'pN8tw32vox', NULL, 'https://via.placeholder.com/640x480.png/00aa33', 0, '2023-02-28 19:51:27', '2023-02-28 19:51:27'),
	(9, 'Le Roux Jules', 'Le RouxJules@sfr.fr', '2023-02-28 19:51:19', '$2y$10$ZHHeFFchmSLwvLZz7T9uJubOhpZ2r9Hcf77NkiJnI2cmDsDsb6KXi', NULL, NULL, NULL, '1FFNZtKkUz', NULL, 'https://via.placeholder.com/640x480.png/00ee33', 1, '2023-02-28 19:51:27', '2023-02-28 19:51:27'),
	(10, 'Rolland Philippe', 'Philippe_Rolland@sfr.fr', '2023-02-28 19:51:19', '$2y$10$SoD5SS6p8Xp3zEJ.du/sI.Ju/icepVH4eWEeT6lgUNeX8f9mByFAO', NULL, NULL, NULL, 'ggjmxAd2Pr', NULL, 'https://via.placeholder.com/640x480.png/0077bb', 1, '2023-02-28 19:51:27', '2023-02-28 19:51:27'),
	(11, 'Pascal Adrienne', 'Adrienne_Pascal@tele2.fr', '2023-02-28 19:51:19', '$2y$10$IIU8Nht7o7hpAuVrNDHwiuHWFueb64sFVIzUa4XxJjnoRTG5ICcWu', NULL, NULL, NULL, '7rom75abRj', NULL, 'https://via.placeholder.com/640x480.png/00bbee', 1, '2023-02-28 19:51:27', '2023-02-28 19:51:27'),
	(12, 'Delannoy Margot', 'Margot.Delannoy@dbmail.com', '2023-02-28 19:51:19', '$2y$10$gM8pdBFMyhUOh2oS0kJVbOv1/CRBH8lqSEb3wfp1qRLT.cQMLqmFe', NULL, NULL, NULL, 'TgIkiHiM9H', NULL, 'https://via.placeholder.com/640x480.png/0077aa', 1, '2023-02-28 19:51:27', '2023-02-28 19:51:27'),
	(13, 'Dubois Antoine', 'luc.vincent@gmail.com', '2023-02-28 19:51:19', '$2y$10$W82oe2Jn0VHDf8c1IGZ/ouyCkrwzHBewOeeJjReEM0PtUBpEix3a2', NULL, NULL, NULL, 'TG2VKjc1sc', NULL, 'https://via.placeholder.com/640x480.png/00ff11', 1, '2023-02-28 19:51:27', '2023-02-28 19:51:27'),
	(14, 'Fernandes Jean', 'Fernandes_Jean@laposte.net', '2023-02-28 19:51:19', '$2y$10$pMWrCRimrk3Sz9SqhSIgKu8OnQ4VN8sYJgCuFtGLO1XvPMsSHg4U.', NULL, NULL, NULL, 'sm8lKMe8ON', NULL, 'https://via.placeholder.com/640x480.png/0022ff', 0, '2023-02-28 19:51:27', '2023-02-28 19:51:27'),
	(15, 'Bourdon Nicolas', 'Nicolas_Bourdon@wanadoo.fr', '2023-02-28 19:51:19', '$2y$10$rpFSLr/ifERAknHz/MKqZOmp/M2FB8LlYIyydP0nvDqxO5RfJVHe2', NULL, NULL, NULL, 'dWtP43cdQ1', NULL, 'https://via.placeholder.com/640x480.png/00ff99', 1, '2023-02-28 19:51:27', '2023-02-28 19:51:27'),
	(16, 'Morin Agnès', 'dossantos.victor@laposte.net', '2023-02-28 19:51:19', '$2y$10$wZGBExHCRyXs3yWwtCtJbOSx3Hta5bDvzc4BSxAkIbyOB4hQ43nai', NULL, NULL, NULL, 'bRgwaHUDsf', NULL, 'https://via.placeholder.com/640x480.png/00ccee', 1, '2023-02-28 19:51:27', '2023-02-28 19:51:27'),
	(17, 'Besnard René', 'Rene_Besnard@yahoo.fr', '2023-02-28 19:51:20', '$2y$10$jc85D2tkLzLe2sKa0xUvsOOCxoEU0xXI1W.vCnjFa9A7rKMnEDPsS', NULL, NULL, NULL, 'QG0buRf2ua', NULL, 'https://via.placeholder.com/640x480.png/001177', 1, '2023-02-28 19:51:28', '2023-02-28 19:51:28'),
	(18, 'Reynaud Élodie', 'ElodieReynaud@gmail.com', '2023-02-28 19:51:20', '$2y$10$rDPTtrLd57D94qDmLr9W2Ott9SdplePhtfcFWnJ61.OM2c/.mXdUq', NULL, NULL, NULL, 'NfqlIMaxgI', NULL, 'https://via.placeholder.com/640x480.png/003344', 1, '2023-02-28 19:51:28', '2023-02-28 19:51:28'),
	(19, 'Dumas Nicole', 'NicoleDumas@laposte.net', '2023-02-28 19:51:20', '$2y$10$Jlq5a4iKMrr2oZGkJzBmKOghEGg/.Nkd4J.9P4UKSXsKiYEuruT/i', NULL, NULL, NULL, 'npF56Z5Dml', NULL, 'https://via.placeholder.com/640x480.png/0022ff', 0, '2023-02-28 19:51:28', '2023-02-28 19:51:28'),
	(20, 'Robert François', 'François_Robert@noos.fr', '2023-02-28 19:51:20', '$2y$10$Mh1CMiWymKFunuPWRxMBA.dgxrBVaTkGNxlO3XcqaswRAtOYlPViq', NULL, NULL, NULL, 'qULydtmJp0', NULL, 'https://via.placeholder.com/640x480.png/004488', 1, '2023-02-28 19:51:28', '2023-02-28 19:51:28'),
	(21, 'Peltier Matthieu', 'Peltier_Matthieu@yahoo.fr', '2023-02-28 19:51:20', '$2y$10$46jg6FaowhUKILN.Wci6Cu0p6mj4eiFQ7.Zt8hEhJu.WBGNKlH1S6', NULL, NULL, NULL, 'y2treM3nrJ', NULL, 'https://via.placeholder.com/640x480.png/00bb22', 1, '2023-02-28 19:51:28', '2023-02-28 19:51:28'),
	(22, 'Guillou Julien', 'Julien.Guillou@sfr.fr', '2023-02-28 19:51:20', '$2y$10$7oNfRkxzVMmw5CNCHwsQ7.IAzbVguDriDFfsGT72acEgTjEopxuTS', NULL, NULL, NULL, 'p4oLYnQm4Q', NULL, 'https://via.placeholder.com/640x480.png/007777', 1, '2023-02-28 19:51:28', '2023-02-28 19:51:28'),
	(23, 'Lefevre Capucine', 'victoire.legendre@yahoo.fr', '2023-02-28 19:51:20', '$2y$10$iBisF7m874SXi2lMHjARVuemU2X4LYW6TyNSTepMXh2nCZidLIkma', NULL, NULL, NULL, 'IHiShvyBy3', NULL, 'https://via.placeholder.com/640x480.png/0088ee', 1, '2023-02-28 19:51:28', '2023-02-28 19:51:28'),
	(24, 'Mathieu Agathe', 'Mathieu.Agathe@free.fr', '2023-02-28 19:51:20', '$2y$10$9bcAc8UlZejxT1/jt9cX/uaSBJ1KFSucYblgF4qM1xuTgwSjK7Hfu', NULL, NULL, NULL, 'mT9viadz8K', NULL, 'https://via.placeholder.com/640x480.png/00ffdd', 0, '2023-02-28 19:51:28', '2023-02-28 19:51:28'),
	(25, 'Adam Claudine', 'Adam.Claudine@hotmail.fr', '2023-02-28 19:51:20', '$2y$10$J920EgrLfaI5rQZylgMTmelFgSyAp1rFEnUcFIjSe2WYMDQvNEI8.', NULL, NULL, NULL, '74QNbJD5Ww', NULL, 'https://via.placeholder.com/640x480.png/00bbaa', 1, '2023-02-28 19:51:28', '2023-02-28 19:51:28'),
	(26, 'Remy Guillaume', 'RemyGuillaume@yahoo.fr', '2023-02-28 19:51:20', '$2y$10$PcvwXmSTXanEBjnDcactZ.wlH9jsiNZi7xGpFwbCvxE6A.Yh6zmVO', NULL, NULL, NULL, 'TmZRve6uaL', NULL, 'https://via.placeholder.com/640x480.png/00bb88', 1, '2023-02-28 19:51:28', '2023-02-28 19:51:28'),
	(27, 'Picard Audrey', 'Audrey.Picard@wanadoo.fr', '2023-02-28 19:51:20', '$2y$10$IAYdu8Xd5SC7B5Hb82wlmO24zrkciEbycbT0ROoK.smde1xWP7sKK', NULL, NULL, NULL, 'PWu3MWExT8', NULL, 'https://via.placeholder.com/640x480.png/00cc22', 1, '2023-02-28 19:51:28', '2023-02-28 19:51:28'),
	(28, 'Laurent Édith', 'Laurent.Edith@gmail.com', '2023-02-28 19:51:20', '$2y$10$kHjy8.s9WC1Wh64ZsBcR/uKEEJhIavcRvAolF7cZDfHcAAJFzj7oa', NULL, NULL, NULL, 'TmAuyPTnL0', NULL, 'https://via.placeholder.com/640x480.png/00eebb', 1, '2023-02-28 19:51:28', '2023-02-28 19:51:28'),
	(29, 'Gerard Thibaut', 'Gerard_Thibaut@yahoo.fr', '2023-02-28 19:51:21', '$2y$10$O3HelLGXGmgEWymkx1uDFeRgeKBfcT7WAlNWRB7n4jGwkt4no1SKq', NULL, NULL, NULL, 'EAvOzNiKuF', NULL, 'https://via.placeholder.com/640x480.png/0044dd', 1, '2023-02-28 19:51:28', '2023-02-28 19:51:28'),
	(30, 'Grondin David', 'Grondin_David@noos.fr', '2023-02-28 19:51:21', '$2y$10$2TrhEye0P3elyA9RSl/MAeSgnGpA4nkHAkIkQdWXVEoIV.qLzsZIm', NULL, NULL, NULL, '5bnFVPWoo2', NULL, 'https://via.placeholder.com/640x480.png/0033cc', 1, '2023-02-28 19:51:28', '2023-02-28 19:51:28'),
	(31, 'Gimenez Martine', 'remy.lecoq@hotmail.fr', '2023-02-28 19:51:21', '$2y$10$u.OApQqDK9KYU4O7AN4huOPfm0T1AGBhsiS9K4nEiB/nyhcW6wEI.', NULL, NULL, NULL, 'FsR8YelgzX', NULL, 'https://via.placeholder.com/640x480.png/00eeee', 1, '2023-02-28 19:51:28', '2023-02-28 19:51:28'),
	(32, 'Gilbert Louis', 'GilbertLouis@gmail.com', '2023-02-28 19:51:21', '$2y$10$DJNYNVO93.C4Pfn2jIa32OQ4eyaJGStq7knsN9O08tie4/LbpZiAm', NULL, NULL, NULL, 'x6LhaJqoNC', NULL, 'https://via.placeholder.com/640x480.png/009944', 0, '2023-02-28 19:51:28', '2023-02-28 19:51:28'),
	(33, 'Gregoire Lorraine', 'Gregoire_Lorraine@gmail.com', '2023-02-28 19:51:21', '$2y$10$CO5Xr2rQQidCSkEUZjqBY.XAxvxwophtr8lChcdomvAqh56WHhTDy', NULL, NULL, NULL, 'M58IDNCNig', NULL, 'https://via.placeholder.com/640x480.png/008866', 1, '2023-02-28 19:51:28', '2023-02-28 19:51:28'),
	(34, 'Ferrand Gabrielle', 'GabrielleFerrand@live.com', '2023-02-28 19:51:21', '$2y$10$COkpFYkYyNhRcSUMKrP2NeeYOznspJKF0/Hd6lV7YiL6Xyy/eiQgu', NULL, NULL, NULL, 'FWIObVuncd', NULL, 'https://via.placeholder.com/640x480.png/00ffaa', 1, '2023-02-28 19:51:29', '2023-02-28 19:51:29'),
	(35, 'Bailly Rémy', 'Bailly.Remy@laposte.net', '2023-02-28 19:51:21', '$2y$10$qGi.BAI7IC0ZmCGIA4Y60uXrGV3viLKaflA7.7PJ2hswaa8oDT5f2', NULL, NULL, NULL, 'ExO2q8HQcO', NULL, 'https://via.placeholder.com/640x480.png/0077cc', 1, '2023-02-28 19:51:29', '2023-02-28 19:51:29'),
	(36, 'Vasseur Benjamin', 'BenjaminVasseur@dbmail.com', '2023-02-28 19:51:21', '$2y$10$OkX2J55q8x/eDnzde4VxwODmdYJhYNYiHZAeob7Ms2NV6Vj879FHq', NULL, NULL, NULL, 'YCbBKCEXRi', NULL, 'https://via.placeholder.com/640x480.png/005522', 1, '2023-02-28 19:51:29', '2023-02-28 19:51:29'),
	(37, 'Aubry Pierre', 'PierreAubry@yahoo.fr', '2023-02-28 19:51:21', '$2y$10$GWR/vmEM62UAatMYNhPaUeXlXNpmj5aXWzm8KZ5p7nW9fncrsKS4q', NULL, NULL, NULL, 'hJpWjwnHGj', NULL, 'https://via.placeholder.com/640x480.png/007744', 1, '2023-02-28 19:51:29', '2023-02-28 19:51:29'),
	(38, 'Martins Raymond', 'MartinsRaymond@hotmail.fr', '2023-02-28 19:51:21', '$2y$10$PrUk4YJAIdXlmRW6pzFRtOqQWz.EmO1rt1/eQS8AycwNhgoeSKg5.', NULL, NULL, NULL, '0yIwhdu3Lc', NULL, 'https://via.placeholder.com/640x480.png/003377', 0, '2023-02-28 19:51:29', '2023-02-28 19:51:29'),
	(39, 'Remy Richard', 'Remy_Richard@tele2.fr', '2023-02-28 19:51:21', '$2y$10$D.5ICKo.aqd.4ljudnwzM.RnJutk4789ygNiAvIi.rMH/zVyjV..u', NULL, NULL, NULL, 'LVbFEipspy', NULL, 'https://via.placeholder.com/640x480.png/0044aa', 1, '2023-02-28 19:51:29', '2023-02-28 19:51:29'),
	(40, 'Bonnin Jacqueline', 'BonninJacqueline@noos.fr', '2023-02-28 19:51:21', '$2y$10$z7.W.RXZ2hoDOjW9Un13d.DSyrfh3OBGqzamd6CUArTpEDpBUx5wm', NULL, NULL, NULL, '1ZrSAfDXfo', NULL, 'https://via.placeholder.com/640x480.png/00bb77', 0, '2023-02-28 19:51:29', '2023-02-28 19:51:29'),
	(41, 'Vaillant Bernadette', 'VaillantBernadette@sfr.fr', '2023-02-28 19:51:22', '$2y$10$/DZYhWiOsn74NPxydhxkFujNxiuEv7mJEQ8MtWm/pwgQBet8yTNsC', NULL, NULL, NULL, 'EzsRYbYuCt', NULL, 'https://via.placeholder.com/640x480.png/006666', 1, '2023-02-28 19:51:29', '2023-02-28 19:51:29'),
	(42, 'Garcia Zacharie', 'leblanc.laure@gmail.com', '2023-02-28 19:51:22', '$2y$10$uznooT79nSlQgCL0p1tp2.B65RhirOq1CxB4M84IHDFCx00ChQPtq', NULL, NULL, NULL, 'hq1LByxh08', NULL, 'https://via.placeholder.com/640x480.png/0022dd', 1, '2023-02-28 19:51:29', '2023-02-28 19:51:29'),
	(43, 'Berger Maryse', 'Berger.Maryse@club-internet.fr', '2023-02-28 19:51:22', '$2y$10$2UMj8F/eteNGfwgJq9tAXuEpvZEJapjWeOYhdf9EvH5JpYXSUYJXC', NULL, NULL, NULL, 'Vy4K4bhoS3', NULL, 'https://via.placeholder.com/640x480.png/002233', 1, '2023-02-28 19:51:29', '2023-02-28 19:51:29'),
	(44, 'Bousquet Antoinette', 'AntoinetteBousquet@orange.fr', '2023-02-28 19:51:22', '$2y$10$XaOfpLazDeku0bp6b7ydWebwuFGrqrpm1oC2dI6QxZRa.lSqarsLG', NULL, NULL, NULL, 'JdybbUqZ0i', NULL, 'https://via.placeholder.com/640x480.png/00ee33', 0, '2023-02-28 19:51:29', '2023-02-28 19:51:29'),
	(45, 'Barbe Honoré', 'dupre.aurore@dbmail.com', '2023-02-28 19:51:22', '$2y$10$WkTOE/pkuNqy1ndZweJOIOJFEewsN5Q25.mPcwHg4AtP.OlKGe8im', NULL, NULL, NULL, 'e67ot70ztO', NULL, 'https://via.placeholder.com/640x480.png/00aa33', 1, '2023-02-28 19:51:29', '2023-02-28 19:51:29'),
	(46, 'De Oliveira Olivie', 'De OliveiraOlivie@orange.fr', '2023-02-28 19:51:22', '$2y$10$qYwwxKpXdzvreqRy2zmej.g03Pul9VvspNFcuvZ6tkTpPmgWbswf.', NULL, NULL, NULL, 'bsU2EMxEur', NULL, 'https://via.placeholder.com/640x480.png/0055ff', 1, '2023-02-28 19:51:29', '2023-02-28 19:51:29'),
	(47, 'Lopez Tristan', 'Tristan.Lopez@yahoo.fr', '2023-02-28 19:51:22', '$2y$10$KCfuW9ORu4Cqod/cypJKe.PUOC0eyXcS4oCcEJF0ok/fx010uPyy2', NULL, NULL, NULL, 'B2gtUIFztq', NULL, 'https://via.placeholder.com/640x480.png/00bb11', 0, '2023-02-28 19:51:29', '2023-02-28 19:51:29'),
	(48, 'Sauvage Maurice', 'Maurice_Sauvage@orange.fr', '2023-02-28 19:51:22', '$2y$10$aXLCRU2ui1AuThtBDLbPT.6nB.XtMp.ZJqAMVR970xFQaCBma6/DW', NULL, NULL, NULL, 'XNrt5ETpQ9', NULL, 'https://via.placeholder.com/640x480.png/00ffcc', 1, '2023-02-28 19:51:29', '2023-02-28 19:51:29'),
	(49, 'Martel Inès', 'auger.joseph@noos.fr', '2023-02-28 19:51:22', '$2y$10$5K3Xxpq52TX74b96oM/.d.qUSZ/3/AojftKHpMnDrrt3feKrL7D0W', NULL, NULL, NULL, 'H0cH3axbuS', NULL, 'https://via.placeholder.com/640x480.png/00cc33', 1, '2023-02-28 19:51:29', '2023-02-28 19:51:29'),
	(50, 'Legros Valérie', 'Legros_Valerie@dbmail.com', '2023-02-28 19:51:22', '$2y$10$qJfA89a86sJrxwOIIR3eeOEb5MKKk4IqDIKlnDamPAEws.SR5FDBK', NULL, NULL, NULL, 'hj1jEU1IXU', NULL, 'https://via.placeholder.com/640x480.png/0044dd', 1, '2023-02-28 19:51:30', '2023-02-28 19:51:30'),
	(51, 'Dufour Marc', 'bigot.margaret@club-internet.fr', '2023-02-28 19:51:23', '$2y$10$Dt5F93WXBPsTvlaFXFXEPOzd31K1XGnyzgp/At1wqzTW9CAU.ivuq', NULL, NULL, NULL, 'EBaXqcf9Ib', NULL, 'https://via.placeholder.com/640x480.png/00dd33', 1, '2023-02-28 19:51:30', '2023-02-28 19:51:30'),
	(52, 'Renault Georges', 'Renault.Georges@orange.fr', '2023-02-28 19:51:23', '$2y$10$TZ3zuQuxAiX9S.Cf.Huyi.a6gLG0kq7mq0g1qXRlr6xFiy2HLEiQ6', NULL, NULL, NULL, 'zEXwkopniH', NULL, 'https://via.placeholder.com/640x480.png/00ccdd', 1, '2023-02-28 19:51:30', '2023-02-28 19:51:30'),
	(53, 'Garcia Anne', 'Garcia.Anne@free.fr', '2023-02-28 19:51:23', '$2y$10$QzF4dSOUDPj5C02s0i0qh./6aQNx9JyhgY9T1/J0t/E.EKON4L0ya', NULL, NULL, NULL, 'LHwuAn4qn8', NULL, 'https://via.placeholder.com/640x480.png/0033aa', 1, '2023-02-28 19:51:30', '2023-02-28 19:51:30'),
	(54, 'Verdier Nathalie', 'Nathalie.Verdier@free.fr', '2023-02-28 19:51:23', '$2y$10$14nJ7SVARAlCkcsJTMa7mOLCUnTWn4lbH7X4ZaF11XLO526FYeCze', NULL, NULL, NULL, 'Se4926lncO', NULL, 'https://via.placeholder.com/640x480.png/009955', 1, '2023-02-28 19:51:30', '2023-02-28 19:51:30'),
	(55, 'Lelievre Suzanne', 'Lelievre_Suzanne@free.fr', '2023-02-28 19:51:23', '$2y$10$buoWji1pBXcRtaWBnjlfn.zXPSJzJAfBxaFGuGoX0X7k5o9sAW0Lu', NULL, NULL, NULL, '89mHdMGqaD', NULL, 'https://via.placeholder.com/640x480.png/00bb55', 1, '2023-02-28 19:51:30', '2023-02-28 19:51:30'),
	(56, 'Auger Gilbert', 'Gilbert_Auger@laposte.net', '2023-02-28 19:51:23', '$2y$10$yWOlRONWEU/20pzMOWPDOeINBTUxOG9DP0a.zw2bDfFE7VStjF7Mu', NULL, NULL, NULL, 'ZtDzV9IF7f', NULL, 'https://via.placeholder.com/640x480.png/0011bb', 1, '2023-02-28 19:51:30', '2023-02-28 19:51:30'),
	(57, 'Langlois Patricia', 'Patricia.Langlois@dbmail.com', '2023-02-28 19:51:23', '$2y$10$d0DyYyAEZiMPZM3rA8efj.vzexcwjkEmjoNeTyPqB6FPn6E.wAZSK', NULL, NULL, NULL, 'VIyUZnmUZu', NULL, 'https://via.placeholder.com/640x480.png/004466', 0, '2023-02-28 19:51:30', '2023-02-28 19:51:30'),
	(58, 'Rocher Denis', 'DenisRocher@club-internet.fr', '2023-02-28 19:51:23', '$2y$10$qPLSSgvHMM2ZdvaB29b25OlOqgofMHjp4vVLe5ZV11zzx7s9oHEOu', NULL, NULL, NULL, 'cqZbraxMdv', NULL, 'https://via.placeholder.com/640x480.png/009955', 0, '2023-02-28 19:51:30', '2023-02-28 19:51:30'),
	(59, 'Ribeiro Victoire', 'VictoireRibeiro@noos.fr', '2023-02-28 19:51:23', '$2y$10$ciETNjqXXVpfn4uCzV/U7ONv1XZPwXE4rFFjDEY8yRbkqztnJwaC2', NULL, NULL, NULL, '0TcOjEot0a', NULL, 'https://via.placeholder.com/640x480.png/006666', 1, '2023-02-28 19:51:30', '2023-02-28 19:51:30'),
	(60, 'Roussel Margaud', 'RousselMargaud@tele2.fr', '2023-02-28 19:51:23', '$2y$10$TSZNRIvYkD2ojIxed2zh4.4MKHQHfJ5K2nC2dhYc0HtW0tkIn7ruK', NULL, NULL, NULL, '70ipkdUtPY', NULL, 'https://via.placeholder.com/640x480.png/008899', 1, '2023-02-28 19:51:30', '2023-02-28 19:51:30'),
	(61, 'Legendre Jérôme', 'JeromeLegendre@wanadoo.fr', '2023-02-28 19:51:23', '$2y$10$hEasgSygRusga6iYp7vI4.DzWCKFcpeeBZzDFMM1ulTT8kKw8N3Fq', NULL, NULL, NULL, 'dNVQ4qDlPm', NULL, 'https://via.placeholder.com/640x480.png/00aadd', 1, '2023-02-28 19:51:30', '2023-02-28 19:51:30'),
	(62, 'Pons William', 'Pons.William@sfr.fr', '2023-02-28 19:51:23', '$2y$10$JWJmNXd3YErh2VIiOgzgjuRG1so1VWbwCpROHCMKUQWtCXSvD1ulu', NULL, NULL, NULL, 'aUUUazBTfI', NULL, 'https://via.placeholder.com/640x480.png/008811', 1, '2023-02-28 19:51:30', '2023-02-28 19:51:30'),
	(63, 'Carlier Constance', 'xavier.meyer@live.com', '2023-02-28 19:51:24', '$2y$10$xrL8zzUIxcymRFeBmuhOEOkXrCrDxMNY.OSBFOvCI.lEpz33WeMWu', NULL, NULL, NULL, 'IE48YQPelm', NULL, 'https://via.placeholder.com/640x480.png/00eedd', 1, '2023-02-28 19:51:31', '2023-02-28 19:51:31'),
	(64, 'Neveu Dominique', 'Dominique_Neveu@noos.fr', '2023-02-28 19:51:24', '$2y$10$vF1vdWY8SJd2idESat7XaOBgifHcwZZLzxPnuEI8tqWypf8olDHFC', NULL, NULL, NULL, 'YFGhNl7oYF', NULL, 'https://via.placeholder.com/640x480.png/000055', 1, '2023-02-28 19:51:31', '2023-02-28 19:51:31'),
	(65, 'Perret Charles', 'Perret.Charles@dbmail.com', '2023-02-28 19:51:24', '$2y$10$m3bZ5UQEqw3IaexVHudOau2r6Vp9hyaWiy1NkPwwY39qBYiimIfGS', NULL, NULL, NULL, 'gYcUfFVaSg', NULL, 'https://via.placeholder.com/640x480.png/00eebb', 1, '2023-02-28 19:51:31', '2023-02-28 19:51:31'),
	(66, 'Dupre Martin', 'sophie.morel@orange.fr', '2023-02-28 19:51:24', '$2y$10$qUKyn1r19At.vihlyWb50u7/4azVN/B7RhnpFVWtN/htZLMZg5n.S', NULL, NULL, NULL, 'lDbPtz385M', NULL, 'https://via.placeholder.com/640x480.png/00aa00', 1, '2023-02-28 19:51:31', '2023-02-28 19:51:31'),
	(67, 'Besnard Lucy', 'Lucy_Besnard@gmail.com', '2023-02-28 19:51:24', '$2y$10$K2zblhSTPj.YdDT.qL20m.3xIUTKnSbOKBKGRtF61BNRgbVKGVTjq', NULL, NULL, NULL, '38UBhm2AYG', NULL, 'https://via.placeholder.com/640x480.png/004444', 0, '2023-02-28 19:51:31', '2023-02-28 19:51:31'),
	(68, 'Dupuy Paulette', 'Paulette_Dupuy@live.com', '2023-02-28 19:51:24', '$2y$10$bPF5d8VAYpIPVKzg3B279eXgKX6mKofdVeHVZfdwd3xe/KVviRtr2', NULL, NULL, NULL, 'x00IPlE77D', NULL, 'https://via.placeholder.com/640x480.png/00eedd', 1, '2023-02-28 19:51:31', '2023-02-28 19:51:31'),
	(69, 'Leroy Bernard', 'LeroyBernard@noos.fr', '2023-02-28 19:51:24', '$2y$10$aBh/CpGs5D/6nz2hUoxKGe4tj/8AQBS35pWzwxeAbDJe0mbl5Rgmm', NULL, NULL, NULL, 'USz0vdylzY', NULL, 'https://via.placeholder.com/640x480.png/0055aa', 1, '2023-02-28 19:51:31', '2023-02-28 19:51:31'),
	(70, 'Jacques Christophe', 'JacquesChristophe@yahoo.fr', '2023-02-28 19:51:24', '$2y$10$UY4IRZL.bYcOB5Z7Tf.G9..0zvYfO.1n5aTdHI/Q4gHupm01.r.eC', NULL, NULL, NULL, 'AXSfLNPttw', NULL, 'https://via.placeholder.com/640x480.png/00aaee', 1, '2023-02-28 19:51:31', '2023-02-28 19:51:31'),
	(71, 'Meyer Zoé', 'Meyer.Zoe@tele2.fr', '2023-02-28 19:51:24', '$2y$10$5W0l.v5ESkrhE2LYKCV.tu.1ZMoPazhJjNPJ8RHsVo6gUvNui1LTW', NULL, NULL, NULL, 'XuSjX3VjnN', NULL, 'https://via.placeholder.com/640x480.png/009911', 1, '2023-02-28 19:51:31', '2023-02-28 19:51:31'),
	(72, 'Bigot Thomas', 'philippe66@gmail.com', '2023-02-28 19:51:24', '$2y$10$AOD4MsQsp2Kar4pqfllmPeea2K.dghNf/Klhu7htzlQF4N/Wu5bJG', NULL, NULL, NULL, 'hTkc6lCYoy', NULL, 'https://via.placeholder.com/640x480.png/00bb99', 1, '2023-02-28 19:51:32', '2023-02-28 19:51:32'),
	(73, 'Le Goff Patrick', 'Le GoffPatrick@tele2.fr', '2023-02-28 19:51:24', '$2y$10$/1Z1CYDWf6/Pbfo4lGCm.ODp9sFJs5v4nsfEvHCJrTD0jGpwpGTGa', NULL, NULL, NULL, 'vs40rtERVr', NULL, 'https://via.placeholder.com/640x480.png/0055bb', 1, '2023-02-28 19:51:32', '2023-02-28 19:51:32'),
	(74, 'Lefebvre Henri', 'HenriLefebvre@wanadoo.fr', '2023-02-28 19:51:24', '$2y$10$EYAeb5euLHJUPvIGwfHf.u1rEtb5eNKUSmCRFlnEuc0j.i.F4aIfO', NULL, NULL, NULL, 'RDtQh1c6YF', NULL, 'https://via.placeholder.com/640x480.png/00bbee', 1, '2023-02-28 19:51:32', '2023-02-28 19:51:32'),
	(75, 'Da Costa Océane', 'rperrier@dbmail.com', '2023-02-28 19:51:25', '$2y$10$a0TWKPtGepjXJzI8GrePkuKptaKm4t.GkfELSdzI9SHBmkw9CIOgm', NULL, NULL, NULL, 'erYgYOoeyP', NULL, 'https://via.placeholder.com/640x480.png/002277', 1, '2023-02-28 19:51:32', '2023-02-28 19:51:32'),
	(76, 'Bonnet Théophile', 'Bonnet.Theophile@gmail.com', '2023-02-28 19:51:25', '$2y$10$wmID5yVydVuGWZAJsVigNOcaL0RlC0dEMRdJaOK3HIC.q8g/Ed5K.', NULL, NULL, NULL, 'AboFJ7wKMF', NULL, 'https://via.placeholder.com/640x480.png/006600', 1, '2023-02-28 19:51:32', '2023-02-28 19:51:32'),
	(77, 'Fouquet Jacques', 'Jacques_Fouquet@tele2.fr', '2023-02-28 19:51:25', '$2y$10$b.2XI5XtBzjJBP9.x/HdVuZbG8uHj03BGEC7QJDgr1D.mH5/kG1ci', NULL, NULL, NULL, 'OPvwRDLAPF', NULL, 'https://via.placeholder.com/640x480.png/0055cc', 1, '2023-02-28 19:51:32', '2023-02-28 19:51:32'),
	(78, 'Garcia Andrée', 'Garcia_Andree@hotmail.fr', '2023-02-28 19:51:25', '$2y$10$gWsU2C7.zcc6PC02qbP6/OsH7hVaAT6EyuHvATk3F0o0oh1E.d6Ru', NULL, NULL, NULL, 'xlDoL3Q6pu', NULL, 'https://via.placeholder.com/640x480.png/00cc11', 1, '2023-02-28 19:51:32', '2023-02-28 19:51:32'),
	(79, 'Muller Thierry', 'Thierry_Muller@dbmail.com', '2023-02-28 19:51:25', '$2y$10$P/.vzD6hKy9X7lcgCaCZhOBj2Kjd4axKXiG2VW2l65dopdzTPCZOK', NULL, NULL, NULL, '669ScjvkQx', NULL, 'https://via.placeholder.com/640x480.png/004488', 1, '2023-02-28 19:51:32', '2023-02-28 19:51:32'),
	(80, 'Rodrigues Paul', 'techer.georges@sfr.fr', '2023-02-28 19:51:25', '$2y$10$PmTj1DyPD8ujTgODAc8sPuFKGdapxDR.6LKvvG2g1HQ/Z/aRHoC9.', NULL, NULL, NULL, 'MfuXMjf5qF', NULL, 'https://via.placeholder.com/640x480.png/000088', 1, '2023-02-28 19:51:32', '2023-02-28 19:51:32'),
	(81, 'Texier Robert', 'RobertTexier@orange.fr', '2023-02-28 19:51:25', '$2y$10$QeXNOfZLj55IRgneD26Oje/B6G5boq8Ei/t.mDFo/JAIX.uRmg536', NULL, NULL, NULL, 'A3bD1myeIr', NULL, 'https://via.placeholder.com/640x480.png/007711', 1, '2023-02-28 19:51:32', '2023-02-28 19:51:32'),
	(82, 'Marie Marie', 'Marie.Marie@club-internet.fr', '2023-02-28 19:51:25', '$2y$10$yqGzijpUwFLKL7kut7G3QengV8FhEqj1Deh3y4bmimjcAdJODfJ5C', NULL, NULL, NULL, 'ulwDejzpjI', NULL, 'https://via.placeholder.com/640x480.png/0099dd', 1, '2023-02-28 19:51:32', '2023-02-28 19:51:32'),
	(83, 'Verdier Adrien', 'Adrien.Verdier@noos.fr', '2023-02-28 19:51:25', '$2y$10$3wyZiQbcI/1XBZu5g/GONePZ5l/kwTNZLXYN5BgWoGVPg4AaTd2S6', NULL, NULL, NULL, 's8n49oJhIN', NULL, 'https://via.placeholder.com/640x480.png/0044dd', 1, '2023-02-28 19:51:32', '2023-02-28 19:51:32'),
	(84, 'Coulon André', 'CoulonAndre@yahoo.fr', '2023-02-28 19:51:25', '$2y$10$u37yoVu/j.XxA6SHVCa1mOiWCb59BcUtb9z7OahBkqDbQ5lFPDKFu', NULL, NULL, NULL, '4Wh42xlpji', NULL, 'https://via.placeholder.com/640x480.png/00bbaa', 0, '2023-02-28 19:51:32', '2023-02-28 19:51:32'),
	(85, 'Barre Michelle', 'Michelle_Barre@orange.fr', '2023-02-28 19:51:25', '$2y$10$DKHiBPl6QqN/.P4.G96uae5vazWqEey720WeZk.LTfVqsrTh/VGRG', NULL, NULL, NULL, 'GvHsfhoLBh', NULL, 'https://via.placeholder.com/640x480.png/0055dd', 0, '2023-02-28 19:51:32', '2023-02-28 19:51:32'),
	(86, 'Jacob Clémence', 'ClemenceJacob@live.com', '2023-02-28 19:51:25', '$2y$10$W8fKiiwmm0WDN0wfcS/Ig.wyzdzZfDhDrRP9eACf2gxY.8xobev8a', NULL, NULL, NULL, 'q4eCr7fRMX', NULL, 'https://via.placeholder.com/640x480.png/006622', 1, '2023-02-28 19:51:33', '2023-02-28 19:51:33'),
	(87, 'Leduc Eugène', 'Leduc.Eugene@laposte.net', '2023-02-28 19:51:26', '$2y$10$wmlSXBC0k8oEPvKKWwFExOTEC7IJ7zQR2SjCu5cwhvqfB4DYv77I.', NULL, NULL, NULL, 'IOhY1VXTgU', NULL, 'https://via.placeholder.com/640x480.png/004455', 1, '2023-02-28 19:51:33', '2023-02-28 19:51:33'),
	(88, 'Gimenez Timothée', 'Timothee.Gimenez@orange.fr', '2023-02-28 19:51:26', '$2y$10$wtusXiQJrjEVZa32N.jdWu75GhVXsQzfG3HpzIdxlylPzMRLahRbS', NULL, NULL, NULL, 'm5YQH0JlBA', NULL, 'https://via.placeholder.com/640x480.png/006633', 0, '2023-02-28 19:51:33', '2023-02-28 19:51:33'),
	(89, 'Bonnet Geneviève', 'Bonnet_Genevieve@hotmail.fr', '2023-02-28 19:51:26', '$2y$10$zrjEV/0Rtg1AFjG0zYQic.Avf88rB81ZdlLIFpWSD.y7JpCvIPPBi', NULL, NULL, NULL, 'LkCFtTtEv8', NULL, 'https://via.placeholder.com/640x480.png/00ffff', 1, '2023-02-28 19:51:33', '2023-02-28 19:51:33'),
	(90, 'Chauvin Virginie', 'VirginieChauvin@noos.fr', '2023-02-28 19:51:26', '$2y$10$SURRsaEI9IpLxmnm0XkbEeI4Ij90XYMeohKH1MEcXv26tDtZL9gsG', NULL, NULL, NULL, '5wEB7h0agG', NULL, 'https://via.placeholder.com/640x480.png/0011aa', 1, '2023-02-28 19:51:33', '2023-02-28 19:51:33'),
	(91, 'Hernandez Philippine', 'adeoliveira@laposte.net', '2023-02-28 19:51:26', '$2y$10$smeQPnDLCHbqVSVgY7s.heExSDPWbAHd6qH3Mtb/uBiSqzpiXgm/y', NULL, NULL, NULL, '66CaKimrs9', NULL, 'https://via.placeholder.com/640x480.png/00bbee', 1, '2023-02-28 19:51:33', '2023-02-28 19:51:33'),
	(92, 'Renard Charlotte', 'Renard_Charlotte@sfr.fr', '2023-02-28 19:51:26', '$2y$10$mAOp2E3Rujt4djkXwXicY.suQaMn1lJLPc.P3m4EJAAonnoAAAMTy', NULL, NULL, NULL, 'UbCc5v4jEW', NULL, 'https://via.placeholder.com/640x480.png/00ddee', 1, '2023-02-28 19:51:33', '2023-02-28 19:51:33'),
	(93, 'Ruiz Franck', 'sberthelot@tele2.fr', '2023-02-28 19:51:26', '$2y$10$LzsOC5ghrCSe7CzpEh9O.up4d97rARtWCdEVOrPCQqwTloI8xUu9O', NULL, NULL, NULL, 'o13qrJqKFv', NULL, 'https://via.placeholder.com/640x480.png/0055bb', 1, '2023-02-28 19:51:33', '2023-02-28 19:51:33'),
	(94, 'Roussel Adélaïde', 'obonnin@dbmail.com', '2023-02-28 19:51:26', '$2y$10$9qi22WksRQCF1zgXftLyFeIf8Mz3lBrJsWeklZSjgTmgMn6uehP.q', NULL, NULL, NULL, 'fR07I1pC4q', NULL, 'https://via.placeholder.com/640x480.png/00aadd', 1, '2023-02-28 19:51:33', '2023-02-28 19:51:33'),
	(95, 'Royer Vincent', 'Royer_Vincent@sfr.fr', '2023-02-28 19:51:26', '$2y$10$gs4Di75dyiJCpZ.ABByjIeGaxpDGgluH5nC8F6FXOgRBMIdtEfPKa', NULL, NULL, NULL, '0nhvjzYnE0', NULL, 'https://via.placeholder.com/640x480.png/00cc77', 1, '2023-02-28 19:51:33', '2023-02-28 19:51:33'),
	(96, 'Vallee Simone dd', 'SimoneVallee@wanadoo.fr', '2023-02-28 19:51:26', '$2y$10$bkD3CPEbghzOmOZmy2vYned/Su5On8xHRy6zXnzw1A2cQn2ZwAYnC', NULL, NULL, NULL, 'pul9bGkDhp', NULL, 'https://via.placeholder.com/640x480.png/00bbcc', 1, '2023-02-28 19:51:33', '2023-03-29 20:35:46'),
	(97, 'Mary Sabine', 'Mary.Sabine@noos.fr', '2023-02-28 19:51:26', '$2y$10$0E6MQ5GS2IAfYZyELGLU8uLVVnvohUFycSPjF1zQC4t3Fcg3LgUue', NULL, NULL, NULL, 'EbxSboGG8n', NULL, 'https://via.placeholder.com/640x480.png/0077aa', 1, '2023-02-28 19:51:33', '2023-02-28 19:51:33'),
	(98, 'Diaz Auguste', 'Auguste.Diaz@dbmail.com', '2023-02-28 19:51:26', '$2y$10$3/c1fNsUW/T776lX6ioJXOXSdNx/f1ZvvNFr5kHQp0AmS4YxbChYW', NULL, NULL, NULL, 'W1gpIiSGOq', NULL, 'https://via.placeholder.com/640x480.png/0088aa', 1, '2023-02-28 19:51:33', '2023-02-28 19:51:33'),
	(99, 'Thibault Gérard', 'Gerard.Thibault@yahoo.fr', '2023-02-28 19:51:27', '$2y$10$XaJS2muzD3zuRltotetRNOxgi8XwqgabV89qiiwH7P/149Gz.cdsK', NULL, NULL, NULL, 'PYnHsbcWZf', NULL, 'https://via.placeholder.com/640x480.png/0011bb', 1, '2023-02-28 19:51:33', '2023-02-28 19:51:33'),
	(100, 'Baudry Laetitia', 'Baudry_Laetitia@live.com', '2023-02-28 19:51:27', '$2y$10$BN6.9EbdJI6htN81.XY9XOQSg6rz1UIne21SB9SaXE.YTJSLsO7/.', NULL, NULL, NULL, 'aj7s5a3Wj2', NULL, 'https://via.placeholder.com/640x480.png/00bb66', 1, '2023-02-28 19:51:33', '2023-02-28 19:51:33'),
	(120, 'Hélène Marchal', 'ramuefflcl@gmail.com', NULL, NULL, NULL, NULL, NULL, NULL, NULL, 'public/images/avatars/b7yO3i9tWMPR9oDmaHVWAHOlI2BMpppvdAsOXzXy.jpg', 1, '2023-04-02 19:47:13', '2023-04-02 19:47:13');
/*!40000 ALTER TABLE `users` ENABLE KEYS */;

-- Listage de la structure de la table laravel10. user_settings
CREATE TABLE IF NOT EXISTS `user_settings` (
  `user_id` bigint(20) unsigned NOT NULL,
  `theme` varchar(20) CHARACTER SET utf8 NOT NULL DEFAULT 'dark',
  `language` varchar(5) CHARACTER SET utf8 NOT NULL DEFAULT 'fr-FR',
  `autologin` tinyint(1) NOT NULL DEFAULT '1',
  `created_at` timestamp NULL DEFAULT NULL,
  `updated_at` timestamp NULL DEFAULT NULL,
  `deleted_at` timestamp NULL DEFAULT NULL,
  KEY `user_settings_user_id_foreign` (`user_id`),
  CONSTRAINT `user_settings_user_id_foreign` FOREIGN KEY (`user_id`) REFERENCES `users` (`id`) ON DELETE CASCADE ON UPDATE CASCADE
) ENGINE=InnoDB DEFAULT CHARSET=utf8mb4 COLLATE=utf8mb4_unicode_ci;

-- Listage des données de la table laravel10.user_settings : ~100 rows (environ)
/*!40000 ALTER TABLE `user_settings` DISABLE KEYS */;
INSERT INTO `user_settings` (`user_id`, `theme`, `language`, `autologin`, `created_at`, `updated_at`, `deleted_at`) VALUES
	(1, 'light', 'es-ES', 1, '2023-02-28 19:51:17', '2023-02-28 19:51:17', NULL),
	(2, 'dark', 'fr-FR', 1, '2023-02-28 19:51:18', '2023-02-28 19:51:18', NULL),
	(3, 'light', 'es-ES', 1, '2023-02-28 19:51:34', '2023-02-28 19:51:34', NULL),
	(4, 'medium', 'fr-FR', 1, '2023-02-28 19:51:34', '2023-02-28 19:51:34', NULL),
	(5, 'dark', 'en-EN', 1, '2023-02-28 19:51:35', '2023-02-28 19:51:35', NULL),
	(6, 'light', 'es-ES', 1, '2023-02-28 19:51:35', '2023-02-28 19:51:35', NULL),
	(7, 'medium', 'es-ES', 0, '2023-02-28 19:51:35', '2023-02-28 19:51:35', NULL),
	(8, 'dark', 'en-EN', 0, '2023-02-28 19:51:35', '2023-02-28 19:51:35', NULL),
	(9, 'medium', 'es-ES', 0, '2023-02-28 19:51:36', '2023-02-28 19:51:36', NULL),
	(10, 'medium', 'es-ES', 0, '2023-02-28 19:51:36', '2023-02-28 19:51:36', NULL),
	(11, 'medium', 'fr-FR', 1, '2023-02-28 19:51:36', '2023-02-28 19:51:36', NULL),
	(12, 'light', 'fr-FR', 1, '2023-02-28 19:51:37', '2023-02-28 19:51:37', NULL),
	(13, 'medium', 'en-EN', 0, '2023-02-28 19:51:37', '2023-02-28 19:51:37', NULL),
	(14, 'medium', 'en-EN', 1, '2023-02-28 19:51:37', '2023-02-28 19:51:37', NULL),
	(15, 'dark', 'es-ES', 1, '2023-02-28 19:51:37', '2023-02-28 19:51:37', NULL),
	(16, 'light', 'en-EN', 0, '2023-02-28 19:51:38', '2023-02-28 19:51:38', NULL),
	(17, 'light', 'es-ES', 1, '2023-02-28 19:51:38', '2023-02-28 19:51:38', NULL),
	(18, 'medium', 'fr-FR', 1, '2023-02-28 19:51:38', '2023-02-28 19:51:38', NULL),
	(19, 'medium', 'es-ES', 1, '2023-02-28 19:51:39', '2023-02-28 19:51:39', NULL),
	(20, 'medium', 'fr-FR', 1, '2023-02-28 19:51:39', '2023-02-28 19:51:39', NULL),
	(21, 'light', 'en-EN', 0, '2023-02-28 19:51:39', '2023-02-28 19:51:39', NULL),
	(22, 'dark', 'es-ES', 1, '2023-02-28 19:51:40', '2023-02-28 19:51:40', NULL),
	(23, 'light', 'en-EN', 1, '2023-02-28 19:51:40', '2023-02-28 19:51:40', NULL),
	(24, 'medium', 'en-EN', 1, '2023-02-28 19:51:41', '2023-02-28 19:51:41', NULL),
	(25, 'medium', 'es-ES', 1, '2023-02-28 19:51:41', '2023-02-28 19:51:41', NULL),
	(26, 'dark', 'fr-FR', 1, '2023-02-28 19:51:42', '2023-02-28 19:51:42', NULL),
	(27, 'medium', 'es-ES', 1, '2023-02-28 19:51:42', '2023-02-28 19:51:42', NULL),
	(28, 'medium', 'es-ES', 1, '2023-02-28 19:51:42', '2023-02-28 19:51:42', NULL),
	(29, 'dark', 'en-EN', 1, '2023-02-28 19:51:43', '2023-02-28 19:51:43', NULL),
	(30, 'medium', 'es-ES', 1, '2023-02-28 19:51:43', '2023-02-28 19:51:43', NULL),
	(31, 'light', 'fr-FR', 1, '2023-02-28 19:51:44', '2023-02-28 19:51:44', NULL),
	(32, 'dark', 'fr-FR', 1, '2023-02-28 19:51:44', '2023-02-28 19:51:44', NULL),
	(33, 'light', 'es-ES', 1, '2023-02-28 19:51:44', '2023-02-28 19:51:44', NULL),
	(34, 'medium', 'fr-FR', 1, '2023-02-28 19:51:45', '2023-02-28 19:51:45', NULL),
	(35, 'dark', 'fr-FR', 1, '2023-02-28 19:51:45', '2023-02-28 19:51:45', NULL),
	(36, 'dark', 'en-EN', 1, '2023-02-28 19:51:45', '2023-02-28 19:51:45', NULL),
	(37, 'medium', 'fr-FR', 1, '2023-02-28 19:51:46', '2023-02-28 19:51:46', NULL),
	(38, 'dark', 'en-EN', 0, '2023-02-28 19:51:46', '2023-02-28 19:51:46', NULL),
	(39, 'medium', 'en-EN', 1, '2023-02-28 19:51:46', '2023-02-28 19:51:46', NULL),
	(40, 'medium', 'en-EN', 0, '2023-02-28 19:51:46', '2023-02-28 19:51:46', NULL),
	(41, 'dark', 'es-ES', 1, '2023-02-28 19:51:46', '2023-02-28 19:51:46', NULL),
	(42, 'light', 'en-EN', 1, '2023-02-28 19:51:47', '2023-02-28 19:51:47', NULL),
	(43, 'dark', 'fr-FR', 1, '2023-02-28 19:51:47', '2023-02-28 19:51:47', NULL),
	(44, 'medium', 'es-ES', 1, '2023-02-28 19:51:47', '2023-02-28 19:51:47', NULL),
	(45, 'light', 'en-EN', 1, '2023-02-28 19:51:48', '2023-02-28 19:51:48', NULL),
	(46, 'dark', 'fr-FR', 1, '2023-02-28 19:51:48', '2023-02-28 19:51:48', NULL),
	(47, 'light', 'en-EN', 0, '2023-02-28 19:51:48', '2023-02-28 19:51:48', NULL),
	(48, 'light', 'es-ES', 1, '2023-02-28 19:51:48', '2023-02-28 19:51:48', NULL),
	(49, 'medium', 'fr-FR', 1, '2023-02-28 19:51:48', '2023-02-28 19:51:48', NULL),
	(50, 'light', 'en-EN', 1, '2023-02-28 19:51:48', '2023-02-28 19:51:48', NULL),
	(51, 'medium', 'fr-FR', 1, '2023-02-28 19:51:49', '2023-02-28 19:51:49', NULL),
	(52, 'light', 'es-ES', 0, '2023-02-28 19:51:49', '2023-02-28 19:51:49', NULL),
	(53, 'light', 'fr-FR', 1, '2023-02-28 19:51:49', '2023-02-28 19:51:49', NULL),
	(54, 'light', 'fr-FR', 0, '2023-02-28 19:51:49', '2023-02-28 19:51:49', NULL),
	(55, 'medium', 'fr-FR', 1, '2023-02-28 19:51:50', '2023-02-28 19:51:50', NULL),
	(56, 'light', 'es-ES', 0, '2023-02-28 19:51:50', '2023-02-28 19:51:50', NULL),
	(57, 'light', 'es-ES', 1, '2023-02-28 19:51:50', '2023-02-28 19:51:50', NULL),
	(58, 'light', 'fr-FR', 1, '2023-02-28 19:51:50', '2023-02-28 19:51:50', NULL),
	(59, 'dark', 'fr-FR', 0, '2023-02-28 19:51:50', '2023-02-28 19:51:50', NULL),
	(60, 'medium', 'en-EN', 1, '2023-02-28 19:51:51', '2023-02-28 19:51:51', NULL),
	(61, 'medium', 'es-ES', 1, '2023-02-28 19:51:51', '2023-02-28 19:51:51', NULL),
	(62, 'medium', 'fr-FR', 0, '2023-02-28 19:51:51', '2023-02-28 19:51:51', NULL),
	(63, 'light', 'es-ES', 0, '2023-02-28 19:51:51', '2023-02-28 19:51:51', NULL),
	(64, 'light', 'en-EN', 0, '2023-02-28 19:51:52', '2023-02-28 19:51:52', NULL),
	(65, 'light', 'en-EN', 1, '2023-02-28 19:51:52', '2023-02-28 19:51:52', NULL),
	(66, 'medium', 'fr-FR', 1, '2023-02-28 19:51:52', '2023-02-28 19:51:52', NULL),
	(67, 'dark', 'en-EN', 0, '2023-02-28 19:51:52', '2023-02-28 19:51:52', NULL),
	(68, 'medium', 'en-EN', 0, '2023-02-28 19:51:52', '2023-02-28 19:51:52', NULL),
	(69, 'dark', 'es-ES', 1, '2023-02-28 19:51:53', '2023-02-28 19:51:53', NULL),
	(70, 'dark', 'fr-FR', 1, '2023-02-28 19:51:53', '2023-02-28 19:51:53', NULL),
	(71, 'light', 'fr-FR', 1, '2023-02-28 19:51:53', '2023-02-28 19:51:53', NULL),
	(72, 'light', 'es-ES', 1, '2023-02-28 19:51:53', '2023-02-28 19:51:53', NULL),
	(73, 'light', 'en-EN', 1, '2023-02-28 19:51:53', '2023-02-28 19:51:53', NULL),
	(74, 'dark', 'es-ES', 1, '2023-02-28 19:51:53', '2023-02-28 19:51:53', NULL),
	(75, 'dark', 'es-ES', 1, '2023-02-28 19:51:54', '2023-02-28 19:51:54', NULL),
	(76, 'medium', 'en-EN', 1, '2023-02-28 19:51:54', '2023-02-28 19:51:54', NULL),
	(77, 'light', 'es-ES', 1, '2023-02-28 19:51:54', '2023-02-28 19:51:54', NULL),
	(78, 'medium', 'fr-FR', 1, '2023-02-28 19:51:54', '2023-02-28 19:51:54', NULL),
	(79, 'medium', 'fr-FR', 0, '2023-02-28 19:51:54', '2023-02-28 19:51:54', NULL),
	(80, 'light', 'es-ES', 1, '2023-02-28 19:51:55', '2023-02-28 19:51:55', NULL),
	(81, 'dark', 'es-ES', 1, '2023-02-28 19:51:55', '2023-02-28 19:51:55', NULL),
	(82, 'dark', 'fr-FR', 1, '2023-02-28 19:51:55', '2023-02-28 19:51:55', NULL),
	(83, 'dark', 'es-ES', 1, '2023-02-28 19:51:55', '2023-02-28 19:51:55', NULL),
	(84, 'light', 'es-ES', 1, '2023-02-28 19:51:56', '2023-02-28 19:51:56', NULL),
	(85, 'medium', 'fr-FR', 0, '2023-02-28 19:51:56', '2023-02-28 19:51:56', NULL),
	(86, 'light', 'fr-FR', 1, '2023-02-28 19:51:56', '2023-02-28 19:51:56', NULL),
	(87, 'medium', 'en-EN', 1, '2023-02-28 19:51:56', '2023-02-28 19:51:56', NULL),
	(88, 'dark', 'en-EN', 1, '2023-02-28 19:51:57', '2023-02-28 19:51:57', NULL),
	(89, 'light', 'fr-FR', 1, '2023-02-28 19:51:57', '2023-02-28 19:51:57', NULL),
	(90, 'light', 'en-EN', 1, '2023-02-28 19:51:57', '2023-02-28 19:51:57', NULL),
	(91, 'light', 'es-ES', 1, '2023-02-28 19:51:57', '2023-02-28 19:51:57', NULL),
	(92, 'light', 'fr-FR', 1, '2023-02-28 19:51:57', '2023-02-28 19:51:57', NULL),
	(93, 'medium', 'fr-FR', 1, '2023-02-28 19:51:57', '2023-02-28 19:51:57', NULL),
	(94, 'light', 'en-EN', 1, '2023-02-28 19:51:57', '2023-02-28 19:51:57', NULL),
	(95, 'dark', 'es-ES', 1, '2023-02-28 19:51:58', '2023-02-28 19:51:58', NULL),
	(96, 'light', 'fr-FR', 0, '2023-02-28 19:51:58', '2023-02-28 19:51:58', NULL),
	(97, 'dark', 'es-ES', 1, '2023-02-28 19:51:58', '2023-02-28 19:51:58', NULL),
	(98, 'medium', 'es-ES', 0, '2023-02-28 19:51:58', '2023-02-28 19:51:58', NULL),
	(99, 'medium', 'en-EN', 1, '2023-02-28 19:51:59', '2023-02-28 19:51:59', NULL),
	(100, 'medium', 'en-EN', 1, '2023-02-28 19:51:59', '2023-02-28 19:51:59', NULL);
/*!40000 ALTER TABLE `user_settings` ENABLE KEYS */;

-- Listage de la structure de la table laravel10. vendedors
CREATE TABLE IF NOT EXISTS `vendedors` (
  `id` bigint(20) unsigned NOT NULL AUTO_INCREMENT,
  `razonSocial` varchar(128) COLLATE utf8mb4_unicode_ci NOT NULL,
  `nombres` varchar(80) COLLATE utf8mb4_unicode_ci NOT NULL,
  `apellidos` varchar(80) COLLATE utf8mb4_unicode_ci NOT NULL,
  `activo` tinyint(1) NOT NULL DEFAULT '1',
  `eMail` varchar(255) COLLATE utf8mb4_unicode_ci NOT NULL,
  PRIMARY KEY (`id`),
  UNIQUE KEY `vendedors_email_unique` (`eMail`)
) ENGINE=InnoDB DEFAULT CHARSET=utf8mb4 COLLATE=utf8mb4_unicode_ci;

-- Listage des données de la table laravel10.vendedors : ~0 rows (environ)
/*!40000 ALTER TABLE `vendedors` DISABLE KEYS */;
/*!40000 ALTER TABLE `vendedors` ENABLE KEYS */;

/*!40101 SET SQL_MODE=IFNULL(@OLD_SQL_MODE, '') */;
/*!40014 SET FOREIGN_KEY_CHECKS=IFNULL(@OLD_FOREIGN_KEY_CHECKS, 1) */;
/*!40101 SET CHARACTER_SET_CLIENT=@OLD_CHARACTER_SET_CLIENT */;
/*!40111 SET SQL_NOTES=IFNULL(@OLD_SQL_NOTES, 1) */;
